"","Site","Parameter","Date..LT.","Year","Month","Day","Hour","NowCast.Conc.","AQI","AQI.Category","Raw.Conc.","Conc..Unit","Duration","QC.Name"
"6","Beijing","PM2.5 - Principal","2021-01-01 06:00 AM",2021,1,1,6,25.8,80,"Moderate",25,"UG/M3","1 Hr","Valid"
"12","Beijing","PM2.5 - Principal","2021-01-01 12:00 PM",2021,1,1,12,21.7,71,"Moderate",27,"UG/M3","1 Hr","Valid"
"18","Beijing","PM2.5 - Principal","2021-01-01 06:00 PM",2021,1,1,18,34,97,"Moderate",36,"UG/M3","1 Hr","Valid"
"24","Beijing","PM2.5 - Principal","2021-01-02 12:00 AM",2021,1,2,0,45.4,125,"Unhealthy for Sensitive Groups",48,"UG/M3","1 Hr","Valid"
"30","Beijing","PM2.5 - Principal","2021-01-02 06:00 AM",2021,1,2,6,49.1,134,"Unhealthy for Sensitive Groups",51,"UG/M3","1 Hr","Valid"
"36","Beijing","PM2.5 - Principal","2021-01-02 12:00 PM",2021,1,2,12,57.6,152,"Unhealthy",62,"UG/M3","1 Hr","Valid"
"42","Beijing","PM2.5 - Principal","2021-01-02 06:00 PM",2021,1,2,18,64.4,156,"Unhealthy",63,"UG/M3","1 Hr","Valid"
"48","Beijing","PM2.5 - Principal","2021-01-03 12:00 AM",2021,1,3,0,27.1,83,"Moderate",24,"UG/M3","1 Hr","Valid"
"54","Beijing","PM2.5 - Principal","2021-01-03 06:00 AM",2021,1,3,6,6.6,28,"Good",6,"UG/M3","1 Hr","Valid"
"60","Beijing","PM2.5 - Principal","2021-01-03 12:00 PM",2021,1,3,12,8.4,35,"Good",8,"UG/M3","1 Hr","Valid"
"66","Beijing","PM2.5 - Principal","2021-01-03 06:00 PM",2021,1,3,18,23.8,76,"Moderate",23,"UG/M3","1 Hr","Valid"
"72","Beijing","PM2.5 - Principal","2021-01-04 12:00 AM",2021,1,4,0,24,76,"Moderate",24,"UG/M3","1 Hr","Valid"
"78","Beijing","PM2.5 - Principal","2021-01-04 06:00 AM",2021,1,4,6,33.3,96,"Moderate",27,"UG/M3","1 Hr","Valid"
"84","Beijing","PM2.5 - Principal","2021-01-04 12:00 PM",2021,1,4,12,10.8,45,"Good",6,"UG/M3","1 Hr","Valid"
"90","Beijing","PM2.5 - Principal","2021-01-04 06:00 PM",2021,1,4,18,6.8,28,"Good",7,"UG/M3","1 Hr","Valid"
"96","Beijing","PM2.5 - Principal","2021-01-05 12:00 AM",2021,1,5,0,8,33,"Good",7,"UG/M3","1 Hr","Valid"
"102","Beijing","PM2.5 - Principal","2021-01-05 06:00 AM",2021,1,5,6,4.3,18,"Good",4,"UG/M3","1 Hr","Valid"
"108","Beijing","PM2.5 - Principal","2021-01-05 12:00 PM",2021,1,5,12,9.9,41,"Good",11,"UG/M3","1 Hr","Valid"
"114","Beijing","PM2.5 - Principal","2021-01-05 06:00 PM",2021,1,5,18,14.7,56,"Moderate",18,"UG/M3","1 Hr","Valid"
"120","Beijing","PM2.5 - Principal","2021-01-06 12:00 AM",2021,1,6,0,27,82,"Moderate",29,"UG/M3","1 Hr","Valid"
"126","Beijing","PM2.5 - Principal","2021-01-06 06:00 AM",2021,1,6,6,13.3,54,"Moderate",10,"UG/M3","1 Hr","Valid"
"132","Beijing","PM2.5 - Principal","2021-01-06 12:00 PM",2021,1,6,12,10.9,45,"Good",12,"UG/M3","1 Hr","Valid"
"138","Beijing","PM2.5 - Principal","2021-01-06 06:00 PM",2021,1,6,18,13.1,53,"Moderate",12,"UG/M3","1 Hr","Valid"
"144","Beijing","PM2.5 - Principal","2021-01-07 12:00 AM",2021,1,7,0,6.6,28,"Good",6,"UG/M3","1 Hr","Valid"
"150","Beijing","PM2.5 - Principal","2021-01-07 06:00 AM",2021,1,7,6,7.5,31,"Good",8,"UG/M3","1 Hr","Valid"
"156","Beijing","PM2.5 - Principal","2021-01-07 12:00 PM",2021,1,7,12,11.7,49,"Good",10,"UG/M3","1 Hr","Valid"
"162","Beijing","PM2.5 - Principal","2021-01-07 06:00 PM",2021,1,7,18,8.4,35,"Good",8,"UG/M3","1 Hr","Valid"
"168","Beijing","PM2.5 - Principal","2021-01-08 12:00 AM",2021,1,8,0,7.6,32,"Good",8,"UG/M3","1 Hr","Valid"
"174","Beijing","PM2.5 - Principal","2021-01-08 06:00 AM",2021,1,8,6,5.6,23,"Good",6,"UG/M3","1 Hr","Valid"
"180","Beijing","PM2.5 - Principal","2021-01-08 12:00 PM",2021,1,8,12,5.8,24,"Good",5,"UG/M3","1 Hr","Valid"
"186","Beijing","PM2.5 - Principal","2021-01-08 06:00 PM",2021,1,8,18,4.5,19,"Good",2,"UG/M3","1 Hr","Valid"
"192","Beijing","PM2.5 - Principal","2021-01-09 12:00 AM",2021,1,9,0,4.7,20,"Good",5,"UG/M3","1 Hr","Valid"
"198","Beijing","PM2.5 - Principal","2021-01-09 06:00 AM",2021,1,9,6,9.4,39,"Good",8,"UG/M3","1 Hr","Valid"
"204","Beijing","PM2.5 - Principal","2021-01-09 12:00 PM",2021,1,9,12,14.4,56,"Moderate",15,"UG/M3","1 Hr","Valid"
"210","Beijing","PM2.5 - Principal","2021-01-09 06:00 PM",2021,1,9,18,8,33,"Good",7,"UG/M3","1 Hr","Valid"
"216","Beijing","PM2.5 - Principal","2021-01-10 12:00 AM",2021,1,10,0,7.7,32,"Good",6,"UG/M3","1 Hr","Valid"
"222","Beijing","PM2.5 - Principal","2021-01-10 06:00 AM",2021,1,10,6,4.9,20,"Good",5,"UG/M3","1 Hr","Valid"
"228","Beijing","PM2.5 - Principal","2021-01-10 12:00 PM",2021,1,10,12,8.8,37,"Good",9,"UG/M3","1 Hr","Valid"
"234","Beijing","PM2.5 - Principal","2021-01-10 06:00 PM",2021,1,10,18,9.4,39,"Good",10,"UG/M3","1 Hr","Valid"
"240","Beijing","PM2.5 - Principal","2021-01-11 12:00 AM",2021,1,11,0,17.6,63,"Moderate",22,"UG/M3","1 Hr","Valid"
"246","Beijing","PM2.5 - Principal","2021-01-11 06:00 AM",2021,1,11,6,14.4,56,"Moderate",14,"UG/M3","1 Hr","Valid"
"252","Beijing","PM2.5 - Principal","2021-01-11 12:00 PM",2021,1,11,12,18.5,64,"Moderate",17,"UG/M3","1 Hr","Valid"
"258","Beijing","PM2.5 - Principal","2021-01-11 06:00 PM",2021,1,11,18,19.2,66,"Moderate",21,"UG/M3","1 Hr","Valid"
"264","Beijing","PM2.5 - Principal","2021-01-12 12:00 AM",2021,1,12,0,28.9,86,"Moderate",29,"UG/M3","1 Hr","Valid"
"270","Beijing","PM2.5 - Principal","2021-01-12 06:00 AM",2021,1,12,6,30.6,90,"Moderate",29,"UG/M3","1 Hr","Valid"
"276","Beijing","PM2.5 - Principal","2021-01-12 12:00 PM",2021,1,12,12,28,84,"Moderate",31,"UG/M3","1 Hr","Valid"
"282","Beijing","PM2.5 - Principal","2021-01-12 06:00 PM",2021,1,12,18,60.5,154,"Unhealthy",66,"UG/M3","1 Hr","Valid"
"288","Beijing","PM2.5 - Principal","2021-01-13 12:00 AM",2021,1,13,0,64.3,156,"Unhealthy",61,"UG/M3","1 Hr","Valid"
"294","Beijing","PM2.5 - Principal","2021-01-13 06:00 AM",2021,1,13,6,40.4,113,"Unhealthy for Sensitive Groups",34,"UG/M3","1 Hr","Valid"
"300","Beijing","PM2.5 - Principal","2021-01-13 12:00 PM",2021,1,13,12,25.5,79,"Moderate",24,"UG/M3","1 Hr","Valid"
"306","Beijing","PM2.5 - Principal","2021-01-13 06:00 PM",2021,1,13,18,83.9,166,"Unhealthy",79,"UG/M3","1 Hr","Valid"
"312","Beijing","PM2.5 - Principal","2021-01-14 12:00 AM",2021,1,14,0,71.6,159,"Unhealthy",68,"UG/M3","1 Hr","Valid"
"318","Beijing","PM2.5 - Principal","2021-01-14 06:00 AM",2021,1,14,6,42.9,119,"Unhealthy for Sensitive Groups",42,"UG/M3","1 Hr","Valid"
"324","Beijing","PM2.5 - Principal","2021-01-14 12:00 PM",2021,1,14,12,36.8,104,"Unhealthy for Sensitive Groups",35,"UG/M3","1 Hr","Valid"
"330","Beijing","PM2.5 - Principal","2021-01-14 06:00 PM",2021,1,14,18,48.4,133,"Unhealthy for Sensitive Groups",48,"UG/M3","1 Hr","Valid"
"336","Beijing","PM2.5 - Principal","2021-01-15 12:00 AM",2021,1,15,0,60,153,"Unhealthy",65,"UG/M3","1 Hr","Valid"
"342","Beijing","PM2.5 - Principal","2021-01-15 06:00 AM",2021,1,15,6,60.2,153,"Unhealthy",54,"UG/M3","1 Hr","Valid"
"348","Beijing","PM2.5 - Principal","2021-01-15 12:00 PM",2021,1,15,12,35.2,100,"Moderate",24,"UG/M3","1 Hr","Valid"
"354","Beijing","PM2.5 - Principal","2021-01-15 06:00 PM",2021,1,15,18,13.5,54,"Moderate",9,"UG/M3","1 Hr","Valid"
"360","Beijing","PM2.5 - Principal","2021-01-16 12:00 AM",2021,1,16,0,8.2,34,"Good",6,"UG/M3","1 Hr","Valid"
"366","Beijing","PM2.5 - Principal","2021-01-16 06:00 AM",2021,1,16,6,8.8,37,"Good",10,"UG/M3","1 Hr","Valid"
"372","Beijing","PM2.5 - Principal","2021-01-16 12:00 PM",2021,1,16,12,8.8,37,"Good",7,"UG/M3","1 Hr","Valid"
"378","Beijing","PM2.5 - Principal","2021-01-16 06:00 PM",2021,1,16,18,7.9,33,"Good",8,"UG/M3","1 Hr","Valid"
"384","Beijing","PM2.5 - Principal","2021-01-17 12:00 AM",2021,1,17,0,10,42,"Good",10,"UG/M3","1 Hr","Valid"
"390","Beijing","PM2.5 - Principal","2021-01-17 06:00 AM",2021,1,17,6,10,42,"Good",8,"UG/M3","1 Hr","Valid"
"396","Beijing","PM2.5 - Principal","2021-01-17 12:00 PM",2021,1,17,12,18.6,65,"Moderate",20,"UG/M3","1 Hr","Valid"
"402","Beijing","PM2.5 - Principal","2021-01-17 06:00 PM",2021,1,17,18,15.5,58,"Moderate",17,"UG/M3","1 Hr","Valid"
"408","Beijing","PM2.5 - Principal","2021-01-18 12:00 AM",2021,1,18,0,18.4,64,"Moderate",13,"UG/M3","1 Hr","Valid"
"414","Beijing","PM2.5 - Principal","2021-01-18 06:00 AM",2021,1,18,6,15.5,58,"Moderate",12,"UG/M3","1 Hr","Valid"
"420","Beijing","PM2.5 - Principal","2021-01-18 12:00 PM",2021,1,18,12,10.9,45,"Good",10,"UG/M3","1 Hr","Valid"
"426","Beijing","PM2.5 - Principal","2021-01-18 06:00 PM",2021,1,18,18,15.9,59,"Moderate",17,"UG/M3","1 Hr","Valid"
"432","Beijing","PM2.5 - Principal","2021-01-19 12:00 AM",2021,1,19,0,20.7,69,"Moderate",20,"UG/M3","1 Hr","Valid"
"438","Beijing","PM2.5 - Principal","2021-01-19 06:00 AM",2021,1,19,6,16.2,60,"Moderate",15,"UG/M3","1 Hr","Valid"
"444","Beijing","PM2.5 - Principal","2021-01-19 12:00 PM",2021,1,19,12,22.4,73,"Moderate",24,"UG/M3","1 Hr","Valid"
"450","Beijing","PM2.5 - Principal","2021-01-19 06:00 PM",2021,1,19,18,30.2,89,"Moderate",33,"UG/M3","1 Hr","Valid"
"456","Beijing","PM2.5 - Principal","2021-01-20 12:00 AM",2021,1,20,0,38.7,109,"Unhealthy for Sensitive Groups",38,"UG/M3","1 Hr","Valid"
"462","Beijing","PM2.5 - Principal","2021-01-20 06:00 AM",2021,1,20,6,47,129,"Unhealthy for Sensitive Groups",46,"UG/M3","1 Hr","Valid"
"468","Beijing","PM2.5 - Principal","2021-01-20 12:00 PM",2021,1,20,12,45.4,125,"Unhealthy for Sensitive Groups",45,"UG/M3","1 Hr","Valid"
"474","Beijing","PM2.5 - Principal","2021-01-20 06:00 PM",2021,1,20,18,53.6,146,"Unhealthy for Sensitive Groups",57,"UG/M3","1 Hr","Valid"
"480","Beijing","PM2.5 - Principal","2021-01-21 12:00 AM",2021,1,21,0,63.1,155,"Unhealthy",64,"UG/M3","1 Hr","Valid"
"486","Beijing","PM2.5 - Principal","2021-01-21 06:00 AM",2021,1,21,6,67,157,"Unhealthy",69,"UG/M3","1 Hr","Valid"
"492","Beijing","PM2.5 - Principal","2021-01-21 12:00 PM",2021,1,21,12,64.7,156,"Unhealthy",70,"UG/M3","1 Hr","Valid"
"498","Beijing","PM2.5 - Principal","2021-01-21 06:00 PM",2021,1,21,18,90.6,169,"Unhealthy",89,"UG/M3","1 Hr","Valid"
"504","Beijing","PM2.5 - Principal","2021-01-22 12:00 AM",2021,1,22,0,100.3,174,"Unhealthy",96,"UG/M3","1 Hr","Valid"
"510","Beijing","PM2.5 - Principal","2021-01-22 06:00 AM",2021,1,22,6,36.9,104,"Unhealthy for Sensitive Groups",38,"UG/M3","1 Hr","Valid"
"516","Beijing","PM2.5 - Principal","2021-01-22 12:00 PM",2021,1,22,12,117.9,183,"Unhealthy",131,"UG/M3","1 Hr","Valid"
"522","Beijing","PM2.5 - Principal","2021-01-22 06:00 PM",2021,1,22,18,101.5,175,"Unhealthy",86,"UG/M3","1 Hr","Valid"
"528","Beijing","PM2.5 - Principal","2021-01-23 12:00 AM",2021,1,23,0,41.7,116,"Unhealthy for Sensitive Groups",38,"UG/M3","1 Hr","Valid"
"534","Beijing","PM2.5 - Principal","2021-01-23 06:00 AM",2021,1,23,6,55.2,150,"Unhealthy for Sensitive Groups",78,"UG/M3","1 Hr","Valid"
"540","Beijing","PM2.5 - Principal","2021-01-23 12:00 PM",2021,1,23,12,110.2,179,"Unhealthy",104,"UG/M3","1 Hr","Valid"
"546","Beijing","PM2.5 - Principal","2021-01-23 06:00 PM",2021,1,23,18,79.2,163,"Unhealthy",76,"UG/M3","1 Hr","Valid"
"552","Beijing","PM2.5 - Principal","2021-01-24 12:00 AM",2021,1,24,0,94.3,171,"Unhealthy",110,"UG/M3","1 Hr","Valid"
"558","Beijing","PM2.5 - Principal","2021-01-24 06:00 AM",2021,1,24,6,77.1,162,"Unhealthy",67,"UG/M3","1 Hr","Valid"
"564","Beijing","PM2.5 - Principal","2021-01-24 12:00 PM",2021,1,24,12,91.1,169,"Unhealthy",85,"UG/M3","1 Hr","Valid"
"570","Beijing","PM2.5 - Principal","2021-01-24 06:00 PM",2021,1,24,18,106.7,177,"Unhealthy",102,"UG/M3","1 Hr","Valid"
"576","Beijing","PM2.5 - Principal","2021-01-25 12:00 AM",2021,1,25,0,113.7,181,"Unhealthy",118,"UG/M3","1 Hr","Valid"
"582","Beijing","PM2.5 - Principal","2021-01-25 06:00 AM",2021,1,25,6,122,185,"Unhealthy",118,"UG/M3","1 Hr","Valid"
"588","Beijing","PM2.5 - Principal","2021-01-25 12:00 PM",2021,1,25,12,123.4,186,"Unhealthy",129,"UG/M3","1 Hr","Valid"
"594","Beijing","PM2.5 - Principal","2021-01-25 06:00 PM",2021,1,25,18,132.6,191,"Unhealthy",138,"UG/M3","1 Hr","Valid"
"600","Beijing","PM2.5 - Principal","2021-01-26 12:00 AM",2021,1,26,0,135.5,192,"Unhealthy",132,"UG/M3","1 Hr","Valid"
"606","Beijing","PM2.5 - Principal","2021-01-26 06:00 AM",2021,1,26,6,130.2,190,"Unhealthy",126,"UG/M3","1 Hr","Valid"
"612","Beijing","PM2.5 - Principal","2021-01-26 12:00 PM",2021,1,26,12,40.7,114,"Unhealthy for Sensitive Groups",16,"UG/M3","1 Hr","Valid"
"618","Beijing","PM2.5 - Principal","2021-01-26 06:00 PM",2021,1,26,18,58,152,"Unhealthy",71,"UG/M3","1 Hr","Valid"
"624","Beijing","PM2.5 - Principal","2021-01-27 12:00 AM",2021,1,27,0,87.3,167,"Unhealthy",92,"UG/M3","1 Hr","Valid"
"630","Beijing","PM2.5 - Principal","2021-01-27 06:00 AM",2021,1,27,6,16.9,61,"Moderate",12,"UG/M3","1 Hr","Valid"
"636","Beijing","PM2.5 - Principal","2021-01-27 12:00 PM",2021,1,27,12,22.7,73,"Moderate",31,"UG/M3","1 Hr","Valid"
"642","Beijing","PM2.5 - Principal","2021-01-27 06:00 PM",2021,1,27,18,73,160,"Unhealthy",77,"UG/M3","1 Hr","Valid"
"648","Beijing","PM2.5 - Principal","2021-01-28 12:00 AM",2021,1,28,0,11.3,47,"Good",10,"UG/M3","1 Hr","Valid"
"654","Beijing","PM2.5 - Principal","2021-01-28 06:00 AM",2021,1,28,6,7.1,30,"Good",7,"UG/M3","1 Hr","Valid"
"660","Beijing","PM2.5 - Principal","2021-01-28 12:00 PM",2021,1,28,12,8,33,"Good",9,"UG/M3","1 Hr","Valid"
"666","Beijing","PM2.5 - Principal","2021-01-28 06:00 PM",2021,1,28,18,8.7,36,"Good",8,"UG/M3","1 Hr","Valid"
"672","Beijing","PM2.5 - Principal","2021-01-29 12:00 AM",2021,1,29,0,13,53,"Moderate",19,"UG/M3","1 Hr","Valid"
"678","Beijing","PM2.5 - Principal","2021-01-29 06:00 AM",2021,1,29,6,14,55,"Moderate",13,"UG/M3","1 Hr","Valid"
"684","Beijing","PM2.5 - Principal","2021-01-29 12:00 PM",2021,1,29,12,22.9,74,"Moderate",23,"UG/M3","1 Hr","Valid"
"690","Beijing","PM2.5 - Principal","2021-01-29 06:00 PM",2021,1,29,18,30.9,91,"Moderate",32,"UG/M3","1 Hr","Valid"
"696","Beijing","PM2.5 - Principal","2021-01-30 12:00 AM",2021,1,30,0,37.3,105,"Unhealthy for Sensitive Groups",40,"UG/M3","1 Hr","Valid"
"702","Beijing","PM2.5 - Principal","2021-01-30 06:00 AM",2021,1,30,6,34.8,99,"Moderate",33,"UG/M3","1 Hr","Valid"
"708","Beijing","PM2.5 - Principal","2021-01-30 12:00 PM",2021,1,30,12,39.6,111,"Unhealthy for Sensitive Groups",48,"UG/M3","1 Hr","Valid"
"714","Beijing","PM2.5 - Principal","2021-01-30 06:00 PM",2021,1,30,18,55.3,150,"Unhealthy for Sensitive Groups",63,"UG/M3","1 Hr","Valid"
"720","Beijing","PM2.5 - Principal","2021-01-31 12:00 AM",2021,1,31,0,33.3,96,"Moderate",29,"UG/M3","1 Hr","Valid"
"726","Beijing","PM2.5 - Principal","2021-01-31 06:00 AM",2021,1,31,6,51.9,141,"Unhealthy for Sensitive Groups",53,"UG/M3","1 Hr","Valid"
"732","Beijing","PM2.5 - Principal","2021-01-31 12:00 PM",2021,1,31,12,69.6,158,"Unhealthy",72,"UG/M3","1 Hr","Valid"
"738","Beijing","PM2.5 - Principal","2021-01-31 06:00 PM",2021,1,31,18,87,167,"Unhealthy",88,"UG/M3","1 Hr","Valid"
"744","Beijing","PM2.5 - Principal","2021-02-01 12:00 AM",2021,2,1,0,94.1,171,"Unhealthy",98,"UG/M3","1 Hr","Valid"
"750","Beijing","PM2.5 - Principal","2021-02-01 06:00 AM",2021,2,1,6,18.6,65,"Moderate",6,"UG/M3","1 Hr","Valid"
"756","Beijing","PM2.5 - Principal","2021-02-01 12:00 PM",2021,2,1,12,10.5,44,"Good",10,"UG/M3","1 Hr","Valid"
"762","Beijing","PM2.5 - Principal","2021-02-01 06:00 PM",2021,2,1,18,8.3,35,"Good",9,"UG/M3","1 Hr","Valid"
"768","Beijing","PM2.5 - Principal","2021-02-02 12:00 AM",2021,2,2,0,10.4,43,"Good",11,"UG/M3","1 Hr","Valid"
"774","Beijing","PM2.5 - Principal","2021-02-02 06:00 AM",2021,2,2,6,9.6,40,"Good",10,"UG/M3","1 Hr","Valid"
"780","Beijing","PM2.5 - Principal","2021-02-02 12:00 PM",2021,2,2,12,13.2,53,"Moderate",16,"UG/M3","1 Hr","Valid"
"786","Beijing","PM2.5 - Principal","2021-02-02 06:00 PM",2021,2,2,18,18,63,"Moderate",20,"UG/M3","1 Hr","Valid"
"792","Beijing","PM2.5 - Principal","2021-02-03 12:00 AM",2021,2,3,0,29.7,88,"Moderate",32,"UG/M3","1 Hr","Valid"
"798","Beijing","PM2.5 - Principal","2021-02-03 06:00 AM",2021,2,3,6,27.4,83,"Moderate",26,"UG/M3","1 Hr","Valid"
"804","Beijing","PM2.5 - Principal","2021-02-03 12:00 PM",2021,2,3,12,33.2,95,"Moderate",34,"UG/M3","1 Hr","Valid"
"810","Beijing","PM2.5 - Principal","2021-02-03 06:00 PM",2021,2,3,18,7.7,32,"Good",7,"UG/M3","1 Hr","Valid"
"816","Beijing","PM2.5 - Principal","2021-02-04 12:00 AM",2021,2,4,0,9,38,"Good",11,"UG/M3","1 Hr","Valid"
"822","Beijing","PM2.5 - Principal","2021-02-04 06:00 AM",2021,2,4,6,32.3,93,"Moderate",36,"UG/M3","1 Hr","Valid"
"828","Beijing","PM2.5 - Principal","2021-02-04 12:00 PM",2021,2,4,12,52.2,142,"Unhealthy for Sensitive Groups",52,"UG/M3","1 Hr","Valid"
"834","Beijing","PM2.5 - Principal","2021-02-04 06:00 PM",2021,2,4,18,43.9,122,"Unhealthy for Sensitive Groups",51,"UG/M3","1 Hr","Valid"
"840","Beijing","PM2.5 - Principal","2021-02-05 12:00 AM",2021,2,5,0,45.8,126,"Unhealthy for Sensitive Groups",53,"UG/M3","1 Hr","Valid"
"846","Beijing","PM2.5 - Principal","2021-02-05 06:00 AM",2021,2,5,6,61.5,154,"Unhealthy",59,"UG/M3","1 Hr","Valid"
"852","Beijing","PM2.5 - Principal","2021-02-05 12:00 PM",2021,2,5,12,57.5,152,"Unhealthy",52,"UG/M3","1 Hr","Valid"
"858","Beijing","PM2.5 - Principal","2021-02-05 06:00 PM",2021,2,5,18,33.4,96,"Moderate",35,"UG/M3","1 Hr","Valid"
"864","Beijing","PM2.5 - Principal","2021-02-06 12:00 AM",2021,2,6,0,42.4,118,"Unhealthy for Sensitive Groups",35,"UG/M3","1 Hr","Valid"
"870","Beijing","PM2.5 - Principal","2021-02-06 06:00 AM",2021,2,6,6,37.8,107,"Unhealthy for Sensitive Groups",35,"UG/M3","1 Hr","Valid"
"876","Beijing","PM2.5 - Principal","2021-02-06 12:00 PM",2021,2,6,12,29.7,88,"Moderate",31,"UG/M3","1 Hr","Valid"
"882","Beijing","PM2.5 - Principal","2021-02-06 06:00 PM",2021,2,6,18,30.2,89,"Moderate",35,"UG/M3","1 Hr","Valid"
"888","Beijing","PM2.5 - Principal","2021-02-07 12:00 AM",2021,2,7,0,90.9,169,"Unhealthy",83,"UG/M3","1 Hr","Valid"
"894","Beijing","PM2.5 - Principal","2021-02-07 06:00 AM",2021,2,7,6,46.3,128,"Unhealthy for Sensitive Groups",36,"UG/M3","1 Hr","Valid"
"900","Beijing","PM2.5 - Principal","2021-02-07 12:00 PM",2021,2,7,12,15.8,59,"Moderate",9,"UG/M3","1 Hr","Valid"
"906","Beijing","PM2.5 - Principal","2021-02-07 06:00 PM",2021,2,7,18,12,50,"Good",10,"UG/M3","1 Hr","Valid"
"912","Beijing","PM2.5 - Principal","2021-02-08 12:00 AM",2021,2,8,0,12.1,51,"Moderate",14,"UG/M3","1 Hr","Valid"
"918","Beijing","PM2.5 - Principal","2021-02-08 06:00 AM",2021,2,8,6,12.3,51,"Moderate",14,"UG/M3","1 Hr","Valid"
"924","Beijing","PM2.5 - Principal","2021-02-08 12:00 PM",2021,2,8,12,73.3,160,"Unhealthy",67,"UG/M3","1 Hr","Valid"
"930","Beijing","PM2.5 - Principal","2021-02-08 06:00 PM",2021,2,8,18,45.3,125,"Unhealthy for Sensitive Groups",44,"UG/M3","1 Hr","Valid"
"936","Beijing","PM2.5 - Principal","2021-02-09 12:00 AM",2021,2,9,0,57,152,"Unhealthy",62,"UG/M3","1 Hr","Valid"
"942","Beijing","PM2.5 - Principal","2021-02-09 06:00 AM",2021,2,9,6,63,155,"Unhealthy",60,"UG/M3","1 Hr","Valid"
"948","Beijing","PM2.5 - Principal","2021-02-09 12:00 PM",2021,2,9,12,75.3,161,"Unhealthy",79,"UG/M3","1 Hr","Valid"
"954","Beijing","PM2.5 - Principal","2021-02-09 06:00 PM",2021,2,9,18,72.3,160,"Unhealthy",71,"UG/M3","1 Hr","Valid"
"960","Beijing","PM2.5 - Principal","2021-02-10 12:00 AM",2021,2,10,0,94,171,"Unhealthy",105,"UG/M3","1 Hr","Valid"
"966","Beijing","PM2.5 - Principal","2021-02-10 06:00 AM",2021,2,10,6,87.9,168,"Unhealthy",74,"UG/M3","1 Hr","Valid"
"972","Beijing","PM2.5 - Principal","2021-02-10 12:00 PM",2021,2,10,12,75.2,161,"Unhealthy",67,"UG/M3","1 Hr","Valid"
"978","Beijing","PM2.5 - Principal","2021-02-10 06:00 PM",2021,2,10,18,67.5,157,"Unhealthy",80,"UG/M3","1 Hr","Valid"
"984","Beijing","PM2.5 - Principal","2021-02-11 12:00 AM",2021,2,11,0,120.4,185,"Unhealthy",120,"UG/M3","1 Hr","Valid"
"990","Beijing","PM2.5 - Principal","2021-02-11 06:00 AM",2021,2,11,6,142.3,196,"Unhealthy",164,"UG/M3","1 Hr","Valid"
"996","Beijing","PM2.5 - Principal","2021-02-11 12:00 PM",2021,2,11,12,195.2,245,"Very Unhealthy",202,"UG/M3","1 Hr","Valid"
"1002","Beijing","PM2.5 - Principal","2021-02-11 06:00 PM",2021,2,11,18,197.1,247,"Very Unhealthy",201,"UG/M3","1 Hr","Valid"
"1008","Beijing","PM2.5 - Principal","2021-02-12 12:00 AM",2021,2,12,0,225.6,275,"Very Unhealthy",252,"UG/M3","1 Hr","Valid"
"1014","Beijing","PM2.5 - Principal","2021-02-12 06:00 AM",2021,2,12,6,304.2,354,"Hazardous",306,"UG/M3","1 Hr","Valid"
"1020","Beijing","PM2.5 - Principal","2021-02-12 12:00 PM",2021,2,12,12,210.1,260,"Very Unhealthy",188,"UG/M3","1 Hr","Valid"
"1026","Beijing","PM2.5 - Principal","2021-02-12 06:00 PM",2021,2,12,18,153.4,204,"Very Unhealthy",153,"UG/M3","1 Hr","Valid"
"1032","Beijing","PM2.5 - Principal","2021-02-13 12:00 AM",2021,2,13,0,191.3,241,"Very Unhealthy",203,"UG/M3","1 Hr","Valid"
"1038","Beijing","PM2.5 - Principal","2021-02-13 06:00 AM",2021,2,13,6,211.2,261,"Very Unhealthy",220,"UG/M3","1 Hr","Valid"
"1044","Beijing","PM2.5 - Principal","2021-02-13 12:00 PM",2021,2,13,12,188.2,238,"Very Unhealthy",182,"UG/M3","1 Hr","Valid"
"1050","Beijing","PM2.5 - Principal","2021-02-13 06:00 PM",2021,2,13,18,200.8,251,"Very Unhealthy",203,"UG/M3","1 Hr","Valid"
"1056","Beijing","PM2.5 - Principal","2021-02-14 12:00 AM",2021,2,14,0,197.1,247,"Very Unhealthy",201,"UG/M3","1 Hr","Valid"
"1062","Beijing","PM2.5 - Principal","2021-02-14 06:00 AM",2021,2,14,6,121.8,185,"Unhealthy",72,"UG/M3","1 Hr","Valid"
"1068","Beijing","PM2.5 - Principal","2021-02-14 12:00 PM",2021,2,14,12,75.4,161,"Unhealthy",76,"UG/M3","1 Hr","Valid"
"1074","Beijing","PM2.5 - Principal","2021-02-14 06:00 PM",2021,2,14,18,55.7,151,"Unhealthy",56,"UG/M3","1 Hr","Valid"
"1080","Beijing","PM2.5 - Principal","2021-02-15 12:00 AM",2021,2,15,0,6.2,26,"Good",4,"UG/M3","1 Hr","Valid"
"1086","Beijing","PM2.5 - Principal","2021-02-15 06:00 AM",2021,2,15,6,6.7,28,"Good",9,"UG/M3","1 Hr","Valid"
"1092","Beijing","PM2.5 - Principal","2021-02-15 12:00 PM",2021,2,15,12,5.4,23,"Good",6,"UG/M3","1 Hr","Valid"
"1098","Beijing","PM2.5 - Principal","2021-02-15 06:00 PM",2021,2,15,18,15.5,58,"Moderate",20,"UG/M3","1 Hr","Valid"
"1104","Beijing","PM2.5 - Principal","2021-02-16 12:00 AM",2021,2,16,0,23,74,"Moderate",22,"UG/M3","1 Hr","Valid"
"1110","Beijing","PM2.5 - Principal","2021-02-16 06:00 AM",2021,2,16,6,5.9,25,"Good",4,"UG/M3","1 Hr","Valid"
"1116","Beijing","PM2.5 - Principal","2021-02-16 12:00 PM",2021,2,16,12,5.6,23,"Good",5,"UG/M3","1 Hr","Valid"
"1122","Beijing","PM2.5 - Principal","2021-02-16 06:00 PM",2021,2,16,18,6,25,"Good",6,"UG/M3","1 Hr","Valid"
"1128","Beijing","PM2.5 - Principal","2021-02-17 12:00 AM",2021,2,17,0,7.1,30,"Good",6,"UG/M3","1 Hr","Valid"
"1134","Beijing","PM2.5 - Principal","2021-02-17 06:00 AM",2021,2,17,6,6.8,28,"Good",6,"UG/M3","1 Hr","Valid"
"1140","Beijing","PM2.5 - Principal","2021-02-17 12:00 PM",2021,2,17,12,7,29,"Good",7,"UG/M3","1 Hr","Valid"
"1146","Beijing","PM2.5 - Principal","2021-02-17 06:00 PM",2021,2,17,18,10.3,43,"Good",12,"UG/M3","1 Hr","Valid"
"1152","Beijing","PM2.5 - Principal","2021-02-18 12:00 AM",2021,2,18,0,10.1,42,"Good",9,"UG/M3","1 Hr","Valid"
"1158","Beijing","PM2.5 - Principal","2021-02-18 06:00 AM",2021,2,18,6,7.7,32,"Good",9,"UG/M3","1 Hr","Valid"
"1164","Beijing","PM2.5 - Principal","2021-02-18 12:00 PM",2021,2,18,12,14.3,56,"Moderate",13,"UG/M3","1 Hr","Valid"
"1170","Beijing","PM2.5 - Principal","2021-02-18 06:00 PM",2021,2,18,18,48.1,132,"Unhealthy for Sensitive Groups",54,"UG/M3","1 Hr","Valid"
"1176","Beijing","PM2.5 - Principal","2021-02-19 12:00 AM",2021,2,19,0,62.4,155,"Unhealthy",60,"UG/M3","1 Hr","Valid"
"1182","Beijing","PM2.5 - Principal","2021-02-19 06:00 AM",2021,2,19,6,41.7,116,"Unhealthy for Sensitive Groups",37,"UG/M3","1 Hr","Valid"
"1188","Beijing","PM2.5 - Principal","2021-02-19 12:00 PM",2021,2,19,12,49.2,135,"Unhealthy for Sensitive Groups",56,"UG/M3","1 Hr","Valid"
"1194","Beijing","PM2.5 - Principal","2021-02-19 06:00 PM",2021,2,19,18,44.3,123,"Unhealthy for Sensitive Groups",39,"UG/M3","1 Hr","Valid"
"1200","Beijing","PM2.5 - Principal","2021-02-20 12:00 AM",2021,2,20,0,24.3,77,"Moderate",27,"UG/M3","1 Hr","Valid"
"1206","Beijing","PM2.5 - Principal","2021-02-20 06:00 AM",2021,2,20,6,32.3,93,"Moderate",34,"UG/M3","1 Hr","Valid"
"1212","Beijing","PM2.5 - Principal","2021-02-20 12:00 PM",2021,2,20,12,56.6,152,"Unhealthy",64,"UG/M3","1 Hr","Valid"
"1218","Beijing","PM2.5 - Principal","2021-02-20 06:00 PM",2021,2,20,18,46.5,128,"Unhealthy for Sensitive Groups",47,"UG/M3","1 Hr","Valid"
"1224","Beijing","PM2.5 - Principal","2021-02-21 12:00 AM",2021,2,21,0,74.1,161,"Unhealthy",80,"UG/M3","1 Hr","Valid"
"1230","Beijing","PM2.5 - Principal","2021-02-21 06:00 AM",2021,2,21,6,67.5,157,"Unhealthy",63,"UG/M3","1 Hr","Valid"
"1236","Beijing","PM2.5 - Principal","2021-02-21 12:00 PM",2021,2,21,12,61.9,154,"Unhealthy",65,"UG/M3","1 Hr","Valid"
"1242","Beijing","PM2.5 - Principal","2021-02-21 06:00 PM",2021,2,21,18,49.4,135,"Unhealthy for Sensitive Groups",50,"UG/M3","1 Hr","Valid"
"1248","Beijing","PM2.5 - Principal","2021-02-22 12:00 AM",2021,2,22,0,27.2,83,"Moderate",26,"UG/M3","1 Hr","Valid"
"1254","Beijing","PM2.5 - Principal","2021-02-22 06:00 AM",2021,2,22,6,54.8,149,"Unhealthy for Sensitive Groups",16,"UG/M3","1 Hr","Valid"
"1260","Beijing","PM2.5 - Principal","2021-02-22 12:00 PM",2021,2,22,12,7.3,30,"Good",7,"UG/M3","1 Hr","Valid"
"1266","Beijing","PM2.5 - Principal","2021-02-22 06:00 PM",2021,2,22,18,11.1,46,"Good",13,"UG/M3","1 Hr","Valid"
"1272","Beijing","PM2.5 - Principal","2021-02-23 12:00 AM",2021,2,23,0,29.2,87,"Moderate",25,"UG/M3","1 Hr","Valid"
"1278","Beijing","PM2.5 - Principal","2021-02-23 06:00 AM",2021,2,23,6,30.2,89,"Moderate",33,"UG/M3","1 Hr","Valid"
"1284","Beijing","PM2.5 - Principal","2021-02-23 12:00 PM",2021,2,23,12,30,89,"Moderate",34,"UG/M3","1 Hr","Valid"
"1290","Beijing","PM2.5 - Principal","2021-02-23 06:00 PM",2021,2,23,18,29,87,"Moderate",30,"UG/M3","1 Hr","Valid"
"1296","Beijing","PM2.5 - Principal","2021-02-24 12:00 AM",2021,2,24,0,25.4,79,"Moderate",27,"UG/M3","1 Hr","Valid"
"1302","Beijing","PM2.5 - Principal","2021-02-24 06:00 AM",2021,2,24,6,27.4,83,"Moderate",27,"UG/M3","1 Hr","Valid"
"1308","Beijing","PM2.5 - Principal","2021-02-24 12:00 PM",2021,2,24,12,43.8,121,"Unhealthy for Sensitive Groups",44,"UG/M3","1 Hr","Valid"
"1314","Beijing","PM2.5 - Principal","2021-02-24 06:00 PM",2021,2,24,18,55.5,151,"Unhealthy",56,"UG/M3","1 Hr","Valid"
"1320","Beijing","PM2.5 - Principal","2021-02-25 12:00 AM",2021,2,25,0,54.4,148,"Unhealthy for Sensitive Groups",51,"UG/M3","1 Hr","Valid"
"1326","Beijing","PM2.5 - Principal","2021-02-25 06:00 AM",2021,2,25,6,68.5,158,"Unhealthy",70,"UG/M3","1 Hr","Valid"
"1332","Beijing","PM2.5 - Principal","2021-02-25 12:00 PM",2021,2,25,12,68.8,158,"Unhealthy",70,"UG/M3","1 Hr","Valid"
"1338","Beijing","PM2.5 - Principal","2021-02-25 06:00 PM",2021,2,25,18,74.6,161,"Unhealthy",84,"UG/M3","1 Hr","Valid"
"1344","Beijing","PM2.5 - Principal","2021-02-26 12:00 AM",2021,2,26,0,121.1,185,"Unhealthy",109,"UG/M3","1 Hr","Valid"
"1350","Beijing","PM2.5 - Principal","2021-02-26 06:00 AM",2021,2,26,6,117.6,183,"Unhealthy",116,"UG/M3","1 Hr","Valid"
"1356","Beijing","PM2.5 - Principal","2021-02-26 12:00 PM",2021,2,26,12,136.6,193,"Unhealthy",149,"UG/M3","1 Hr","Valid"
"1362","Beijing","PM2.5 - Principal","2021-02-26 06:00 PM",2021,2,26,18,128.8,189,"Unhealthy",123,"UG/M3","1 Hr","Valid"
"1368","Beijing","PM2.5 - Principal","2021-02-27 12:00 AM",2021,2,27,0,141,195,"Unhealthy",148,"UG/M3","1 Hr","Valid"
"1374","Beijing","PM2.5 - Principal","2021-02-27 06:00 AM",2021,2,27,6,113.2,181,"Unhealthy",109,"UG/M3","1 Hr","Valid"
"1380","Beijing","PM2.5 - Principal","2021-02-27 12:00 PM",2021,2,27,12,114,181,"Unhealthy",102,"UG/M3","1 Hr","Valid"
"1386","Beijing","PM2.5 - Principal","2021-02-27 06:00 PM",2021,2,27,18,90.6,169,"Unhealthy",86,"UG/M3","1 Hr","Valid"
"1392","Beijing","PM2.5 - Principal","2021-02-28 12:00 AM",2021,2,28,0,98.9,173,"Unhealthy",106,"UG/M3","1 Hr","Valid"
"1398","Beijing","PM2.5 - Principal","2021-02-28 06:00 AM",2021,2,28,6,132.1,191,"Unhealthy",137,"UG/M3","1 Hr","Valid"
"1404","Beijing","PM2.5 - Principal","2021-02-28 12:00 PM",2021,2,28,12,103.6,176,"Unhealthy",97,"UG/M3","1 Hr","Valid"
"1410","Beijing","PM2.5 - Principal","2021-02-28 06:00 PM",2021,2,28,18,86.6,167,"Unhealthy",90,"UG/M3","1 Hr","Valid"
"1416","Beijing","PM2.5 - Principal","2021-03-01 12:00 AM",2021,3,1,0,37.7,106,"Unhealthy for Sensitive Groups",33,"UG/M3","1 Hr","Valid"
"1422","Beijing","PM2.5 - Principal","2021-03-01 06:00 AM",2021,3,1,6,20.8,69,"Moderate",19,"UG/M3","1 Hr","Valid"
"1428","Beijing","PM2.5 - Principal","2021-03-01 12:00 PM",2021,3,1,12,13.8,55,"Moderate",13,"UG/M3","1 Hr","Valid"
"1434","Beijing","PM2.5 - Principal","2021-03-01 06:00 PM",2021,3,1,18,27.2,83,"Moderate",28,"UG/M3","1 Hr","Valid"
"1440","Beijing","PM2.5 - Principal","2021-03-02 12:00 AM",2021,3,2,0,31.2,91,"Moderate",33,"UG/M3","1 Hr","Valid"
"1446","Beijing","PM2.5 - Principal","2021-03-02 06:00 AM",2021,3,2,6,41.4,116,"Unhealthy for Sensitive Groups",47,"UG/M3","1 Hr","Valid"
"1452","Beijing","PM2.5 - Principal","2021-03-02 12:00 PM",2021,3,2,12,56,151,"Unhealthy",57,"UG/M3","1 Hr","Valid"
"1458","Beijing","PM2.5 - Principal","2021-03-02 06:00 PM",2021,3,2,18,74.6,161,"Unhealthy",76,"UG/M3","1 Hr","Valid"
"1464","Beijing","PM2.5 - Principal","2021-03-03 12:00 AM",2021,3,3,0,103.3,176,"Unhealthy",106,"UG/M3","1 Hr","Valid"
"1470","Beijing","PM2.5 - Principal","2021-03-03 06:00 AM",2021,3,3,6,101.8,175,"Unhealthy",103,"UG/M3","1 Hr","Valid"
"1476","Beijing","PM2.5 - Principal","2021-03-03 12:00 PM",2021,3,3,12,120.7,185,"Unhealthy",119,"UG/M3","1 Hr","Valid"
"1482","Beijing","PM2.5 - Principal","2021-03-03 06:00 PM",2021,3,3,18,125.9,187,"Unhealthy",132,"UG/M3","1 Hr","Valid"
"1488","Beijing","PM2.5 - Principal","2021-03-04 12:00 AM",2021,3,4,0,148.2,199,"Unhealthy",156,"UG/M3","1 Hr","Valid"
"1494","Beijing","PM2.5 - Principal","2021-03-04 06:00 AM",2021,3,4,6,150.2,200,"Unhealthy",141,"UG/M3","1 Hr","Valid"
"1500","Beijing","PM2.5 - Principal","2021-03-04 12:00 PM",2021,3,4,12,148.2,199,"Unhealthy",149,"UG/M3","1 Hr","Valid"
"1506","Beijing","PM2.5 - Principal","2021-03-04 06:00 PM",2021,3,4,18,166.3,217,"Very Unhealthy",174,"UG/M3","1 Hr","Valid"
"1512","Beijing","PM2.5 - Principal","2021-03-05 12:00 AM",2021,3,5,0,167,217,"Very Unhealthy",168,"UG/M3","1 Hr","Valid"
"1518","Beijing","PM2.5 - Principal","2021-03-05 06:00 AM",2021,3,5,6,177.3,228,"Very Unhealthy",181,"UG/M3","1 Hr","Valid"
"1524","Beijing","PM2.5 - Principal","2021-03-05 12:00 PM",2021,3,5,12,184.2,234,"Very Unhealthy",181,"UG/M3","1 Hr","Valid"
"1530","Beijing","PM2.5 - Principal","2021-03-05 06:00 PM",2021,3,5,18,44.4,123,"Unhealthy for Sensitive Groups",33,"UG/M3","1 Hr","Valid"
"1536","Beijing","PM2.5 - Principal","2021-03-06 12:00 AM",2021,3,6,0,20,68,"Moderate",17,"UG/M3","1 Hr","Valid"
"1542","Beijing","PM2.5 - Principal","2021-03-06 06:00 AM",2021,3,6,6,16.3,60,"Moderate",16,"UG/M3","1 Hr","Valid"
"1548","Beijing","PM2.5 - Principal","2021-03-06 12:00 PM",2021,3,6,12,20.7,69,"Moderate",24,"UG/M3","1 Hr","Valid"
"1554","Beijing","PM2.5 - Principal","2021-03-06 06:00 PM",2021,3,6,18,29.9,88,"Moderate",33,"UG/M3","1 Hr","Valid"
"1560","Beijing","PM2.5 - Principal","2021-03-07 12:00 AM",2021,3,7,0,38.2,108,"Unhealthy for Sensitive Groups",38,"UG/M3","1 Hr","Valid"
"1566","Beijing","PM2.5 - Principal","2021-03-07 06:00 AM",2021,3,7,6,37.7,106,"Unhealthy for Sensitive Groups",41,"UG/M3","1 Hr","Valid"
"1572","Beijing","PM2.5 - Principal","2021-03-07 12:00 PM",2021,3,7,12,50.2,137,"Unhealthy for Sensitive Groups",55,"UG/M3","1 Hr","Valid"
"1578","Beijing","PM2.5 - Principal","2021-03-07 06:00 PM",2021,3,7,18,74.3,161,"Unhealthy",81,"UG/M3","1 Hr","Valid"
"1584","Beijing","PM2.5 - Principal","2021-03-08 12:00 AM",2021,3,8,0,65.1,156,"Unhealthy",56,"UG/M3","1 Hr","Valid"
"1590","Beijing","PM2.5 - Principal","2021-03-08 06:00 AM",2021,3,8,6,63.8,155,"Unhealthy",67,"UG/M3","1 Hr","Valid"
"1596","Beijing","PM2.5 - Principal","2021-03-08 12:00 PM",2021,3,8,12,93.3,171,"Unhealthy",92,"UG/M3","1 Hr","Valid"
"1602","Beijing","PM2.5 - Principal","2021-03-08 06:00 PM",2021,3,8,18,86.4,167,"Unhealthy",98,"UG/M3","1 Hr","Valid"
"1608","Beijing","PM2.5 - Principal","2021-03-09 12:00 AM",2021,3,9,0,101.8,175,"Unhealthy",108,"UG/M3","1 Hr","Valid"
"1614","Beijing","PM2.5 - Principal","2021-03-09 06:00 AM",2021,3,9,6,109.7,179,"Unhealthy",110,"UG/M3","1 Hr","Valid"
"1620","Beijing","PM2.5 - Principal","2021-03-09 12:00 PM",2021,3,9,12,123.4,186,"Unhealthy",136,"UG/M3","1 Hr","Valid"
"1626","Beijing","PM2.5 - Principal","2021-03-09 06:00 PM",2021,3,9,18,153.4,204,"Very Unhealthy",166,"UG/M3","1 Hr","Valid"
"1632","Beijing","PM2.5 - Principal","2021-03-10 12:00 AM",2021,3,10,0,179.8,230,"Very Unhealthy",187,"UG/M3","1 Hr","Valid"
"1638","Beijing","PM2.5 - Principal","2021-03-10 06:00 AM",2021,3,10,6,197.6,248,"Very Unhealthy",213,"UG/M3","1 Hr","Valid"
"1644","Beijing","PM2.5 - Principal","2021-03-10 12:00 PM",2021,3,10,12,238.4,288,"Very Unhealthy",263,"UG/M3","1 Hr","Valid"
"1650","Beijing","PM2.5 - Principal","2021-03-10 06:00 PM",2021,3,10,18,124,186,"Unhealthy",99,"UG/M3","1 Hr","Valid"
"1656","Beijing","PM2.5 - Principal","2021-03-11 12:00 AM",2021,3,11,0,87.1,167,"Unhealthy",62,"UG/M3","1 Hr","Valid"
"1662","Beijing","PM2.5 - Principal","2021-03-11 06:00 AM",2021,3,11,6,75.8,161,"Unhealthy",77,"UG/M3","1 Hr","Valid"
"1668","Beijing","PM2.5 - Principal","2021-03-11 12:00 PM",2021,3,11,12,128.8,189,"Unhealthy",111,"UG/M3","1 Hr","Valid"
"1674","Beijing","PM2.5 - Principal","2021-03-11 06:00 PM",2021,3,11,18,77.7,162,"Unhealthy",71,"UG/M3","1 Hr","Valid"
"1680","Beijing","PM2.5 - Principal","2021-03-12 12:00 AM",2021,3,12,0,80.4,164,"Unhealthy",87,"UG/M3","1 Hr","Valid"
"1686","Beijing","PM2.5 - Principal","2021-03-12 06:00 AM",2021,3,12,6,78.2,163,"Unhealthy",80,"UG/M3","1 Hr","Valid"
"1692","Beijing","PM2.5 - Principal","2021-03-12 12:00 PM",2021,3,12,12,97.4,173,"Unhealthy",109,"UG/M3","1 Hr","Valid"
"1698","Beijing","PM2.5 - Principal","2021-03-12 06:00 PM",2021,3,12,18,149.3,199,"Unhealthy",161,"UG/M3","1 Hr","Valid"
"1704","Beijing","PM2.5 - Principal","2021-03-13 12:00 AM",2021,3,13,0,131,190,"Unhealthy",128,"UG/M3","1 Hr","Valid"
"1710","Beijing","PM2.5 - Principal","2021-03-13 06:00 AM",2021,3,13,6,117.2,183,"Unhealthy",113,"UG/M3","1 Hr","Valid"
"1716","Beijing","PM2.5 - Principal","2021-03-13 12:00 PM",2021,3,13,12,82.8,165,"Unhealthy",62,"UG/M3","1 Hr","Valid"
"1722","Beijing","PM2.5 - Principal","2021-03-13 06:00 PM",2021,3,13,18,87.2,167,"Unhealthy",95,"UG/M3","1 Hr","Valid"
"1728","Beijing","PM2.5 - Principal","2021-03-14 12:00 AM",2021,3,14,0,152.7,203,"Very Unhealthy",159,"UG/M3","1 Hr","Valid"
"1734","Beijing","PM2.5 - Principal","2021-03-14 06:00 AM",2021,3,14,6,151,201,"Very Unhealthy",146,"UG/M3","1 Hr","Valid"
"1740","Beijing","PM2.5 - Principal","2021-03-14 12:00 PM",2021,3,14,12,157,207,"Very Unhealthy",161,"UG/M3","1 Hr","Valid"
"1746","Beijing","PM2.5 - Principal","2021-03-14 06:00 PM",2021,3,14,18,149.7,200,"Unhealthy",164,"UG/M3","1 Hr","Valid"
"1752","Beijing","PM2.5 - Principal","2021-03-15 12:00 AM",2021,3,15,0,94.5,171,"Unhealthy",96,"UG/M3","1 Hr","Valid"
"1758","Beijing","PM2.5 - Principal","2021-03-15 06:00 AM",2021,3,15,6,114.5,181,"Unhealthy",122,"UG/M3","1 Hr","Valid"
"1763","Beijing","PM2.5 - Principal","2021-03-15 12:00 PM",2021,3,15,12,370.5,414,"Hazardous",295,"UG/M3","1 Hr","Valid"
"1769","Beijing","PM2.5 - Principal","2021-03-15 06:00 PM",2021,3,15,18,336.8,387,"Hazardous",370,"UG/M3","1 Hr","Valid"
"1775","Beijing","PM2.5 - Principal","2021-03-16 12:00 AM",2021,3,16,0,63.1,155,"Unhealthy",44,"UG/M3","1 Hr","Valid"
"1781","Beijing","PM2.5 - Principal","2021-03-16 06:00 AM",2021,3,16,6,20.6,69,"Moderate",17,"UG/M3","1 Hr","Valid"
"1787","Beijing","PM2.5 - Principal","2021-03-16 12:00 PM",2021,3,16,12,11.6,48,"Good",10,"UG/M3","1 Hr","Valid"
"1793","Beijing","PM2.5 - Principal","2021-03-16 06:00 PM",2021,3,16,18,23.3,75,"Moderate",30,"UG/M3","1 Hr","Valid"
"1799","Beijing","PM2.5 - Principal","2021-03-17 12:00 AM",2021,3,17,0,56.9,152,"Unhealthy",53,"UG/M3","1 Hr","Valid"
"1805","Beijing","PM2.5 - Principal","2021-03-17 06:00 AM",2021,3,17,6,52.2,142,"Unhealthy for Sensitive Groups",49,"UG/M3","1 Hr","Valid"
"1811","Beijing","PM2.5 - Principal","2021-03-17 12:00 PM",2021,3,17,12,52,142,"Unhealthy for Sensitive Groups",58,"UG/M3","1 Hr","Valid"
"1817","Beijing","PM2.5 - Principal","2021-03-17 06:00 PM",2021,3,17,18,63.6,155,"Unhealthy",52,"UG/M3","1 Hr","Valid"
"1823","Beijing","PM2.5 - Principal","2021-03-18 12:00 AM",2021,3,18,0,59.1,153,"Unhealthy",57,"UG/M3","1 Hr","Valid"
"1829","Beijing","PM2.5 - Principal","2021-03-18 06:00 AM",2021,3,18,6,46.3,128,"Unhealthy for Sensitive Groups",38,"UG/M3","1 Hr","Valid"
"1835","Beijing","PM2.5 - Principal","2021-03-18 12:00 PM",2021,3,18,12,46.3,128,"Unhealthy for Sensitive Groups",52,"UG/M3","1 Hr","Valid"
"1841","Beijing","PM2.5 - Principal","2021-03-18 06:00 PM",2021,3,18,18,71.9,159,"Unhealthy",73,"UG/M3","1 Hr","Valid"
"1847","Beijing","PM2.5 - Principal","2021-03-19 12:00 AM",2021,3,19,0,84.9,166,"Unhealthy",84,"UG/M3","1 Hr","Valid"
"1853","Beijing","PM2.5 - Principal","2021-03-19 06:00 AM",2021,3,19,6,73.9,161,"Unhealthy",73,"UG/M3","1 Hr","Valid"
"1859","Beijing","PM2.5 - Principal","2021-03-19 12:00 PM",2021,3,19,12,74.8,161,"Unhealthy",73,"UG/M3","1 Hr","Valid"
"1865","Beijing","PM2.5 - Principal","2021-03-19 06:00 PM",2021,3,19,18,73.2,160,"Unhealthy",72,"UG/M3","1 Hr","Valid"
"1871","Beijing","PM2.5 - Principal","2021-03-20 12:00 AM",2021,3,20,0,41.9,117,"Unhealthy for Sensitive Groups",44,"UG/M3","1 Hr","Valid"
"1877","Beijing","PM2.5 - Principal","2021-03-20 06:00 AM",2021,3,20,6,50,137,"Unhealthy for Sensitive Groups",51,"UG/M3","1 Hr","Valid"
"1883","Beijing","PM2.5 - Principal","2021-03-20 12:00 PM",2021,3,20,12,31.7,92,"Moderate",21,"UG/M3","1 Hr","Valid"
"1889","Beijing","PM2.5 - Principal","2021-03-20 06:00 PM",2021,3,20,18,11.7,49,"Good",10,"UG/M3","1 Hr","Valid"
"1895","Beijing","PM2.5 - Principal","2021-03-21 12:00 AM",2021,3,21,0,7.1,30,"Good",6,"UG/M3","1 Hr","Valid"
"1901","Beijing","PM2.5 - Principal","2021-03-21 06:00 AM",2021,3,21,6,8.1,34,"Good",9,"UG/M3","1 Hr","Valid"
"1907","Beijing","PM2.5 - Principal","2021-03-21 12:00 PM",2021,3,21,12,8.4,35,"Good",9,"UG/M3","1 Hr","Valid"
"1913","Beijing","PM2.5 - Principal","2021-03-21 06:00 PM",2021,3,21,18,6.9,29,"Good",7,"UG/M3","1 Hr","Valid"
"1919","Beijing","PM2.5 - Principal","2021-03-22 12:00 AM",2021,3,22,0,12.3,51,"Moderate",13,"UG/M3","1 Hr","Valid"
"1925","Beijing","PM2.5 - Principal","2021-03-22 06:00 AM",2021,3,22,6,24.4,77,"Moderate",28,"UG/M3","1 Hr","Valid"
"1931","Beijing","PM2.5 - Principal","2021-03-22 12:00 PM",2021,3,22,12,24.5,77,"Moderate",19,"UG/M3","1 Hr","Valid"
"1937","Beijing","PM2.5 - Principal","2021-03-22 06:00 PM",2021,3,22,18,27.3,83,"Moderate",23,"UG/M3","1 Hr","Valid"
"1943","Beijing","PM2.5 - Principal","2021-03-23 12:00 AM",2021,3,23,0,32.9,95,"Moderate",35,"UG/M3","1 Hr","Valid"
"1949","Beijing","PM2.5 - Principal","2021-03-23 06:00 AM",2021,3,23,6,38.2,108,"Unhealthy for Sensitive Groups",38,"UG/M3","1 Hr","Valid"
"1955","Beijing","PM2.5 - Principal","2021-03-23 12:00 PM",2021,3,23,12,39.7,111,"Unhealthy for Sensitive Groups",33,"UG/M3","1 Hr","Valid"
"1961","Beijing","PM2.5 - Principal","2021-03-23 06:00 PM",2021,3,23,18,33.1,95,"Moderate",32,"UG/M3","1 Hr","Valid"
"1967","Beijing","PM2.5 - Principal","2021-03-24 12:00 AM",2021,3,24,0,53.3,145,"Unhealthy for Sensitive Groups",59,"UG/M3","1 Hr","Valid"
"1973","Beijing","PM2.5 - Principal","2021-03-24 06:00 AM",2021,3,24,6,51.8,141,"Unhealthy for Sensitive Groups",44,"UG/M3","1 Hr","Valid"
"1979","Beijing","PM2.5 - Principal","2021-03-24 12:00 PM",2021,3,24,12,35.9,102,"Unhealthy for Sensitive Groups",36,"UG/M3","1 Hr","Valid"
"1985","Beijing","PM2.5 - Principal","2021-03-24 06:00 PM",2021,3,24,18,36.3,103,"Unhealthy for Sensitive Groups",39,"UG/M3","1 Hr","Valid"
"1991","Beijing","PM2.5 - Principal","2021-03-25 12:00 AM",2021,3,25,0,19.5,67,"Moderate",18,"UG/M3","1 Hr","Valid"
"1997","Beijing","PM2.5 - Principal","2021-03-25 06:00 AM",2021,3,25,6,31.6,92,"Moderate",34,"UG/M3","1 Hr","Valid"
"2003","Beijing","PM2.5 - Principal","2021-03-25 12:00 PM",2021,3,25,12,52.8,144,"Unhealthy for Sensitive Groups",60,"UG/M3","1 Hr","Valid"
"2009","Beijing","PM2.5 - Principal","2021-03-25 06:00 PM",2021,3,25,18,65.8,156,"Unhealthy",68,"UG/M3","1 Hr","Valid"
"2015","Beijing","PM2.5 - Principal","2021-03-26 12:00 AM",2021,3,26,0,91.6,170,"Unhealthy",95,"UG/M3","1 Hr","Valid"
"2021","Beijing","PM2.5 - Principal","2021-03-26 06:00 AM",2021,3,26,6,125.3,187,"Unhealthy",138,"UG/M3","1 Hr","Valid"
"2027","Beijing","PM2.5 - Principal","2021-03-26 12:00 PM",2021,3,26,12,177.3,228,"Very Unhealthy",177,"UG/M3","1 Hr","Valid"
"2033","Beijing","PM2.5 - Principal","2021-03-26 06:00 PM",2021,3,26,18,153,203,"Very Unhealthy",128,"UG/M3","1 Hr","Valid"
"2039","Beijing","PM2.5 - Principal","2021-03-27 12:00 AM",2021,3,27,0,139.1,194,"Unhealthy",144,"UG/M3","1 Hr","Valid"
"2045","Beijing","PM2.5 - Principal","2021-03-27 06:00 AM",2021,3,27,6,149.6,200,"Unhealthy",162,"UG/M3","1 Hr","Valid"
"2051","Beijing","PM2.5 - Principal","2021-03-27 12:00 PM",2021,3,27,12,158.2,209,"Very Unhealthy",137,"UG/M3","1 Hr","Valid"
"2057","Beijing","PM2.5 - Principal","2021-03-27 06:00 PM",2021,3,27,18,132.5,191,"Unhealthy",124,"UG/M3","1 Hr","Valid"
"2063","Beijing","PM2.5 - Principal","2021-03-28 12:00 AM",2021,3,28,0,124.9,187,"Unhealthy",124,"UG/M3","1 Hr","Valid"
"2069","Beijing","PM2.5 - Principal","2021-03-28 06:00 AM",2021,3,28,6,123.4,186,"Unhealthy",130,"UG/M3","1 Hr","Valid"
"2075","Beijing","PM2.5 - Principal","2021-03-28 12:00 PM",2021,3,28,12,300.8,351,"Hazardous",265,"UG/M3","1 Hr","Valid"
"2081","Beijing","PM2.5 - Principal","2021-03-28 06:00 PM",2021,3,28,18,26.4,81,"Moderate",15,"UG/M3","1 Hr","Valid"
"2087","Beijing","PM2.5 - Principal","2021-03-29 12:00 AM",2021,3,29,0,15.5,58,"Moderate",17,"UG/M3","1 Hr","Valid"
"2093","Beijing","PM2.5 - Principal","2021-03-29 06:00 AM",2021,3,29,6,9.9,41,"Good",8,"UG/M3","1 Hr","Valid"
"2099","Beijing","PM2.5 - Principal","2021-03-29 12:00 PM",2021,3,29,12,9.5,40,"Good",9,"UG/M3","1 Hr","Valid"
"2105","Beijing","PM2.5 - Principal","2021-03-29 06:00 PM",2021,3,29,18,32.7,94,"Moderate",42,"UG/M3","1 Hr","Valid"
"2111","Beijing","PM2.5 - Principal","2021-03-30 12:00 AM",2021,3,30,0,44.6,123,"Unhealthy for Sensitive Groups",47,"UG/M3","1 Hr","Valid"
"2117","Beijing","PM2.5 - Principal","2021-03-30 06:00 AM",2021,3,30,6,32.2,93,"Moderate",27,"UG/M3","1 Hr","Valid"
"2123","Beijing","PM2.5 - Principal","2021-03-30 12:00 PM",2021,3,30,12,36.2,103,"Unhealthy for Sensitive Groups",46,"UG/M3","1 Hr","Valid"
"2129","Beijing","PM2.5 - Principal","2021-03-30 06:00 PM",2021,3,30,18,76.7,162,"Unhealthy",82,"UG/M3","1 Hr","Valid"
"2135","Beijing","PM2.5 - Principal","2021-03-31 12:00 AM",2021,3,31,0,73.6,160,"Unhealthy",72,"UG/M3","1 Hr","Valid"
"2141","Beijing","PM2.5 - Principal","2021-03-31 06:00 AM",2021,3,31,6,73.4,160,"Unhealthy",74,"UG/M3","1 Hr","Valid"
"2147","Beijing","PM2.5 - Principal","2021-03-31 12:00 PM",2021,3,31,12,64.2,155,"Unhealthy",48,"UG/M3","1 Hr","Valid"
"2153","Beijing","PM2.5 - Principal","2021-03-31 06:00 PM",2021,3,31,18,15.5,58,"Moderate",14,"UG/M3","1 Hr","Valid"
"2159","Beijing","PM2.5 - Principal","2021-04-01 12:00 AM",2021,4,1,0,59.8,153,"Unhealthy",75,"UG/M3","1 Hr","Valid"
"2165","Beijing","PM2.5 - Principal","2021-04-01 06:00 AM",2021,4,1,6,92.7,170,"Unhealthy",94,"UG/M3","1 Hr","Valid"
"2171","Beijing","PM2.5 - Principal","2021-04-01 12:00 PM",2021,4,1,12,67.4,157,"Unhealthy",56,"UG/M3","1 Hr","Valid"
"2177","Beijing","PM2.5 - Principal","2021-04-01 06:00 PM",2021,4,1,18,62.5,155,"Unhealthy",62,"UG/M3","1 Hr","Valid"
"2183","Beijing","PM2.5 - Principal","2021-04-02 12:00 AM",2021,4,2,0,41.5,116,"Unhealthy for Sensitive Groups",31,"UG/M3","1 Hr","Valid"
"2189","Beijing","PM2.5 - Principal","2021-04-02 06:00 AM",2021,4,2,6,30.9,91,"Moderate",30,"UG/M3","1 Hr","Valid"
"2195","Beijing","PM2.5 - Principal","2021-04-02 12:00 PM",2021,4,2,12,30.8,90,"Moderate",27,"UG/M3","1 Hr","Valid"
"2201","Beijing","PM2.5 - Principal","2021-04-02 06:00 PM",2021,4,2,18,23.7,75,"Moderate",22,"UG/M3","1 Hr","Valid"
"2207","Beijing","PM2.5 - Principal","2021-04-03 12:00 AM",2021,4,3,0,49.8,136,"Unhealthy for Sensitive Groups",55,"UG/M3","1 Hr","Valid"
"2213","Beijing","PM2.5 - Principal","2021-04-03 06:00 AM",2021,4,3,6,23.1,74,"Moderate",9,"UG/M3","1 Hr","Valid"
"2219","Beijing","PM2.5 - Principal","2021-04-03 12:00 PM",2021,4,3,12,4.8,20,"Good",4,"UG/M3","1 Hr","Valid"
"2225","Beijing","PM2.5 - Principal","2021-04-03 06:00 PM",2021,4,3,18,2.6,11,"Good",2,"UG/M3","1 Hr","Valid"
"2231","Beijing","PM2.5 - Principal","2021-04-04 12:00 AM",2021,4,4,0,22.4,73,"Moderate",25,"UG/M3","1 Hr","Valid"
"2237","Beijing","PM2.5 - Principal","2021-04-04 06:00 AM",2021,4,4,6,8.5,35,"Good",9,"UG/M3","1 Hr","Valid"
"2243","Beijing","PM2.5 - Principal","2021-04-04 12:00 PM",2021,4,4,12,4.2,18,"Good",2,"UG/M3","1 Hr","Valid"
"2249","Beijing","PM2.5 - Principal","2021-04-04 06:00 PM",2021,4,4,18,6.1,25,"Good",8,"UG/M3","1 Hr","Valid"
"2255","Beijing","PM2.5 - Principal","2021-04-05 12:00 AM",2021,4,5,0,24.6,77,"Moderate",30,"UG/M3","1 Hr","Valid"
"2261","Beijing","PM2.5 - Principal","2021-04-05 06:00 AM",2021,4,5,6,30.4,89,"Moderate",28,"UG/M3","1 Hr","Valid"
"2267","Beijing","PM2.5 - Principal","2021-04-05 12:00 PM",2021,4,5,12,45.3,125,"Unhealthy for Sensitive Groups",52,"UG/M3","1 Hr","Valid"
"2273","Beijing","PM2.5 - Principal","2021-04-05 06:00 PM",2021,4,5,18,38.7,109,"Unhealthy for Sensitive Groups",39,"UG/M3","1 Hr","Valid"
"2279","Beijing","PM2.5 - Principal","2021-04-06 12:00 AM",2021,4,6,0,21.8,71,"Moderate",25,"UG/M3","1 Hr","Valid"
"2285","Beijing","PM2.5 - Principal","2021-04-06 06:00 AM",2021,4,6,6,30.4,89,"Moderate",29,"UG/M3","1 Hr","Valid"
"2291","Beijing","PM2.5 - Principal","2021-04-06 12:00 PM",2021,4,6,12,30.2,89,"Moderate",32,"UG/M3","1 Hr","Valid"
"2297","Beijing","PM2.5 - Principal","2021-04-06 06:00 PM",2021,4,6,18,34.1,97,"Moderate",35,"UG/M3","1 Hr","Valid"
"2303","Beijing","PM2.5 - Principal","2021-04-07 12:00 AM",2021,4,7,0,52.5,143,"Unhealthy for Sensitive Groups",58,"UG/M3","1 Hr","Valid"
"2309","Beijing","PM2.5 - Principal","2021-04-07 06:00 AM",2021,4,7,6,52.5,143,"Unhealthy for Sensitive Groups",50,"UG/M3","1 Hr","Valid"
"2315","Beijing","PM2.5 - Principal","2021-04-07 12:00 PM",2021,4,7,12,42.5,118,"Unhealthy for Sensitive Groups",36,"UG/M3","1 Hr","Valid"
"2321","Beijing","PM2.5 - Principal","2021-04-07 06:00 PM",2021,4,7,18,36.6,104,"Unhealthy for Sensitive Groups",31,"UG/M3","1 Hr","Valid"
"2327","Beijing","PM2.5 - Principal","2021-04-08 12:00 AM",2021,4,8,0,16.7,61,"Moderate",14,"UG/M3","1 Hr","Valid"
"2333","Beijing","PM2.5 - Principal","2021-04-08 06:00 AM",2021,4,8,6,18.6,65,"Moderate",19,"UG/M3","1 Hr","Valid"
"2339","Beijing","PM2.5 - Principal","2021-04-08 12:00 PM",2021,4,8,12,23.8,76,"Moderate",23,"UG/M3","1 Hr","Valid"
"2345","Beijing","PM2.5 - Principal","2021-04-08 06:00 PM",2021,4,8,18,54.2,147,"Unhealthy for Sensitive Groups",62,"UG/M3","1 Hr","Valid"
"2350","Beijing","PM2.5 - Principal","2021-04-09 06:00 PM",2021,4,9,18,57,152,"Unhealthy",53,"UG/M3","1 Hr","Valid"
"2356","Beijing","PM2.5 - Principal","2021-04-10 12:00 AM",2021,4,10,0,51.3,140,"Unhealthy for Sensitive Groups",52,"UG/M3","1 Hr","Valid"
"2362","Beijing","PM2.5 - Principal","2021-04-10 06:00 AM",2021,4,10,6,50.8,139,"Unhealthy for Sensitive Groups",46,"UG/M3","1 Hr","Valid"
"2368","Beijing","PM2.5 - Principal","2021-04-10 12:00 PM",2021,4,10,12,56.4,151,"Unhealthy",62,"UG/M3","1 Hr","Valid"
"2374","Beijing","PM2.5 - Principal","2021-04-10 06:00 PM",2021,4,10,18,78.7,163,"Unhealthy",75,"UG/M3","1 Hr","Valid"
"2380","Beijing","PM2.5 - Principal","2021-04-11 12:00 AM",2021,4,11,0,75.4,161,"Unhealthy",56,"UG/M3","1 Hr","Valid"
"2386","Beijing","PM2.5 - Principal","2021-04-11 06:00 AM",2021,4,11,6,63.6,155,"Unhealthy",68,"UG/M3","1 Hr","Valid"
"2392","Beijing","PM2.5 - Principal","2021-04-11 12:00 PM",2021,4,11,12,60.4,154,"Unhealthy",49,"UG/M3","1 Hr","Valid"
"2398","Beijing","PM2.5 - Principal","2021-04-11 06:00 PM",2021,4,11,18,45,124,"Unhealthy for Sensitive Groups",51,"UG/M3","1 Hr","Valid"
"2404","Beijing","PM2.5 - Principal","2021-04-12 12:00 AM",2021,4,12,0,49.9,136,"Unhealthy for Sensitive Groups",55,"UG/M3","1 Hr","Valid"
"2410","Beijing","PM2.5 - Principal","2021-04-12 06:00 AM",2021,4,12,6,78.2,163,"Unhealthy",81,"UG/M3","1 Hr","Valid"
"2416","Beijing","PM2.5 - Principal","2021-04-12 12:00 PM",2021,4,12,12,81.5,164,"Unhealthy",78,"UG/M3","1 Hr","Valid"
"2422","Beijing","PM2.5 - Principal","2021-04-12 06:00 PM",2021,4,12,18,13.4,54,"Moderate",11,"UG/M3","1 Hr","Valid"
"2428","Beijing","PM2.5 - Principal","2021-04-13 12:00 AM",2021,4,13,0,5.6,23,"Good",4,"UG/M3","1 Hr","Valid"
"2434","Beijing","PM2.5 - Principal","2021-04-13 06:00 AM",2021,4,13,6,4.7,20,"Good",4,"UG/M3","1 Hr","Valid"
"2440","Beijing","PM2.5 - Principal","2021-04-13 12:00 PM",2021,4,13,12,7.1,30,"Good",7,"UG/M3","1 Hr","Valid"
"2446","Beijing","PM2.5 - Principal","2021-04-13 06:00 PM",2021,4,13,18,6,25,"Good",6,"UG/M3","1 Hr","Valid"
"2452","Beijing","PM2.5 - Principal","2021-04-14 12:00 AM",2021,4,14,0,18.9,65,"Moderate",19,"UG/M3","1 Hr","Valid"
"2458","Beijing","PM2.5 - Principal","2021-04-14 06:00 AM",2021,4,14,6,34,97,"Moderate",33,"UG/M3","1 Hr","Valid"
"2464","Beijing","PM2.5 - Principal","2021-04-14 12:00 PM",2021,4,14,12,18.7,65,"Moderate",13,"UG/M3","1 Hr","Valid"
"2470","Beijing","PM2.5 - Principal","2021-04-14 06:00 PM",2021,4,14,18,20,68,"Moderate",22,"UG/M3","1 Hr","Valid"
"2476","Beijing","PM2.5 - Principal","2021-04-15 12:00 AM",2021,4,15,0,28,84,"Moderate",29,"UG/M3","1 Hr","Valid"
"2482","Beijing","PM2.5 - Principal","2021-04-15 06:00 AM",2021,4,15,6,33.3,96,"Moderate",37,"UG/M3","1 Hr","Valid"
"2488","Beijing","PM2.5 - Principal","2021-04-15 12:00 PM",2021,4,15,12,74.6,161,"Unhealthy",80,"UG/M3","1 Hr","Valid"
"2494","Beijing","PM2.5 - Principal","2021-04-15 06:00 PM",2021,4,15,18,172.3,223,"Very Unhealthy",174,"UG/M3","1 Hr","Valid"
"2500","Beijing","PM2.5 - Principal","2021-04-16 12:00 AM",2021,4,16,0,36,102,"Unhealthy for Sensitive Groups",36,"UG/M3","1 Hr","Valid"
"2506","Beijing","PM2.5 - Principal","2021-04-16 06:00 AM",2021,4,16,6,48.1,132,"Unhealthy for Sensitive Groups",52,"UG/M3","1 Hr","Valid"
"2512","Beijing","PM2.5 - Principal","2021-04-16 12:00 PM",2021,4,16,12,191.7,242,"Very Unhealthy",176,"UG/M3","1 Hr","Valid"
"2518","Beijing","PM2.5 - Principal","2021-04-16 06:00 PM",2021,4,16,18,52.9,144,"Unhealthy for Sensitive Groups",48,"UG/M3","1 Hr","Valid"
"2524","Beijing","PM2.5 - Principal","2021-04-17 12:00 AM",2021,4,17,0,23.6,75,"Moderate",22,"UG/M3","1 Hr","Valid"
"2530","Beijing","PM2.5 - Principal","2021-04-17 06:00 AM",2021,4,17,6,12.1,51,"Moderate",13,"UG/M3","1 Hr","Valid"
"2536","Beijing","PM2.5 - Principal","2021-04-17 12:00 PM",2021,4,17,12,14.4,56,"Moderate",12,"UG/M3","1 Hr","Valid"
"2542","Beijing","PM2.5 - Principal","2021-04-17 06:00 PM",2021,4,17,18,11.9,50,"Good",12,"UG/M3","1 Hr","Valid"
"2548","Beijing","PM2.5 - Principal","2021-04-18 12:00 AM",2021,4,18,0,22,72,"Moderate",23,"UG/M3","1 Hr","Valid"
"2554","Beijing","PM2.5 - Principal","2021-04-18 06:00 AM",2021,4,18,6,27.5,83,"Moderate",26,"UG/M3","1 Hr","Valid"
"2560","Beijing","PM2.5 - Principal","2021-04-18 12:00 PM",2021,4,18,12,27,82,"Moderate",29,"UG/M3","1 Hr","Valid"
"2566","Beijing","PM2.5 - Principal","2021-04-18 06:00 PM",2021,4,18,18,35.2,100,"Moderate",35,"UG/M3","1 Hr","Valid"
"2572","Beijing","PM2.5 - Principal","2021-04-19 12:00 AM",2021,4,19,0,45.9,127,"Unhealthy for Sensitive Groups",46,"UG/M3","1 Hr","Valid"
"2578","Beijing","PM2.5 - Principal","2021-04-19 06:00 AM",2021,4,19,6,47.8,131,"Unhealthy for Sensitive Groups",49,"UG/M3","1 Hr","Valid"
"2584","Beijing","PM2.5 - Principal","2021-04-19 12:00 PM",2021,4,19,12,53.9,146,"Unhealthy for Sensitive Groups",53,"UG/M3","1 Hr","Valid"
"2590","Beijing","PM2.5 - Principal","2021-04-19 06:00 PM",2021,4,19,18,64.9,156,"Unhealthy",63,"UG/M3","1 Hr","Valid"
"2596","Beijing","PM2.5 - Principal","2021-04-20 12:00 AM",2021,4,20,0,76.2,162,"Unhealthy",75,"UG/M3","1 Hr","Valid"
"2602","Beijing","PM2.5 - Principal","2021-04-20 06:00 AM",2021,4,20,6,65.5,156,"Unhealthy",71,"UG/M3","1 Hr","Valid"
"2608","Beijing","PM2.5 - Principal","2021-04-20 12:00 PM",2021,4,20,12,87.3,167,"Unhealthy",79,"UG/M3","1 Hr","Valid"
"2614","Beijing","PM2.5 - Principal","2021-04-20 06:00 PM",2021,4,20,18,70,158,"Unhealthy",70,"UG/M3","1 Hr","Valid"
"2620","Beijing","PM2.5 - Principal","2021-04-21 12:00 AM",2021,4,21,0,43.5,121,"Unhealthy for Sensitive Groups",38,"UG/M3","1 Hr","Valid"
"2626","Beijing","PM2.5 - Principal","2021-04-21 06:00 AM",2021,4,21,6,31.6,92,"Moderate",32,"UG/M3","1 Hr","Valid"
"2632","Beijing","PM2.5 - Principal","2021-04-21 12:00 PM",2021,4,21,12,55.5,151,"Unhealthy",52,"UG/M3","1 Hr","Valid"
"2638","Beijing","PM2.5 - Principal","2021-04-21 06:00 PM",2021,4,21,18,42.4,118,"Unhealthy for Sensitive Groups",46,"UG/M3","1 Hr","Valid"
"2644","Beijing","PM2.5 - Principal","2021-04-22 12:00 AM",2021,4,22,0,40,112,"Unhealthy for Sensitive Groups",46,"UG/M3","1 Hr","Valid"
"2650","Beijing","PM2.5 - Principal","2021-04-22 06:00 AM",2021,4,22,6,33.1,95,"Moderate",30,"UG/M3","1 Hr","Valid"
"2656","Beijing","PM2.5 - Principal","2021-04-22 12:00 PM",2021,4,22,12,38.1,107,"Unhealthy for Sensitive Groups",40,"UG/M3","1 Hr","Valid"
"2662","Beijing","PM2.5 - Principal","2021-04-22 06:00 PM",2021,4,22,18,37.6,106,"Unhealthy for Sensitive Groups",34,"UG/M3","1 Hr","Valid"
"2668","Beijing","PM2.5 - Principal","2021-04-23 12:00 AM",2021,4,23,0,31.5,92,"Moderate",33,"UG/M3","1 Hr","Valid"
"2674","Beijing","PM2.5 - Principal","2021-04-23 06:00 AM",2021,4,23,6,57.6,152,"Unhealthy",64,"UG/M3","1 Hr","Valid"
"2680","Beijing","PM2.5 - Principal","2021-04-23 12:00 PM",2021,4,23,12,26.5,81,"Moderate",19,"UG/M3","1 Hr","Valid"
"2686","Beijing","PM2.5 - Principal","2021-04-23 06:00 PM",2021,4,23,18,20.3,68,"Moderate",20,"UG/M3","1 Hr","Valid"
"2692","Beijing","PM2.5 - Principal","2021-04-24 12:00 AM",2021,4,24,0,30.7,90,"Moderate",33,"UG/M3","1 Hr","Valid"
"2698","Beijing","PM2.5 - Principal","2021-04-24 06:00 AM",2021,4,24,6,33.4,96,"Moderate",33,"UG/M3","1 Hr","Valid"
"2704","Beijing","PM2.5 - Principal","2021-04-24 12:00 PM",2021,4,24,12,85,166,"Unhealthy",47,"UG/M3","1 Hr","Valid"
"2710","Beijing","PM2.5 - Principal","2021-04-24 06:00 PM",2021,4,24,18,46.8,129,"Unhealthy for Sensitive Groups",40,"UG/M3","1 Hr","Valid"
"2716","Beijing","PM2.5 - Principal","2021-04-25 12:00 AM",2021,4,25,0,40,112,"Unhealthy for Sensitive Groups",46,"UG/M3","1 Hr","Valid"
"2722","Beijing","PM2.5 - Principal","2021-04-25 06:00 AM",2021,4,25,6,68.6,158,"Unhealthy",65,"UG/M3","1 Hr","Valid"
"2728","Beijing","PM2.5 - Principal","2021-04-25 12:00 PM",2021,4,25,12,53.4,145,"Unhealthy for Sensitive Groups",50,"UG/M3","1 Hr","Valid"
"2734","Beijing","PM2.5 - Principal","2021-04-25 06:00 PM",2021,4,25,18,51.4,140,"Unhealthy for Sensitive Groups",54,"UG/M3","1 Hr","Valid"
"2740","Beijing","PM2.5 - Principal","2021-04-26 12:00 AM",2021,4,26,0,69.3,158,"Unhealthy",61,"UG/M3","1 Hr","Valid"
"2746","Beijing","PM2.5 - Principal","2021-04-26 06:00 AM",2021,4,26,6,97,172,"Unhealthy",134,"UG/M3","1 Hr","Valid"
"2752","Beijing","PM2.5 - Principal","2021-04-26 12:00 PM",2021,4,26,12,72.2,160,"Unhealthy",82,"UG/M3","1 Hr","Valid"
"2758","Beijing","PM2.5 - Principal","2021-04-26 06:00 PM",2021,4,26,18,74.7,161,"Unhealthy",65,"UG/M3","1 Hr","Valid"
"2764","Beijing","PM2.5 - Principal","2021-04-27 12:00 AM",2021,4,27,0,59,153,"Unhealthy",57,"UG/M3","1 Hr","Valid"
"2770","Beijing","PM2.5 - Principal","2021-04-27 06:00 AM",2021,4,27,6,74.5,161,"Unhealthy",77,"UG/M3","1 Hr","Valid"
"2776","Beijing","PM2.5 - Principal","2021-04-27 12:00 PM",2021,4,27,12,108.5,178,"Unhealthy",95,"UG/M3","1 Hr","Valid"
"2782","Beijing","PM2.5 - Principal","2021-04-27 06:00 PM",2021,4,27,18,16.2,60,"Moderate",6,"UG/M3","1 Hr","Valid"
"2788","Beijing","PM2.5 - Principal","2021-04-28 12:00 AM",2021,4,28,0,9.4,39,"Good",8,"UG/M3","1 Hr","Valid"
"2794","Beijing","PM2.5 - Principal","2021-04-28 06:00 AM",2021,4,28,6,14.2,55,"Moderate",14,"UG/M3","1 Hr","Valid"
"2800","Beijing","PM2.5 - Principal","2021-04-28 12:00 PM",2021,4,28,12,11,46,"Good",13,"UG/M3","1 Hr","Valid"
"2806","Beijing","PM2.5 - Principal","2021-04-28 06:00 PM",2021,4,28,18,16.4,60,"Moderate",13,"UG/M3","1 Hr","Valid"
"2812","Beijing","PM2.5 - Principal","2021-04-29 12:00 AM",2021,4,29,0,23.4,75,"Moderate",18,"UG/M3","1 Hr","Valid"
"2818","Beijing","PM2.5 - Principal","2021-04-29 06:00 AM",2021,4,29,6,23.1,74,"Moderate",24,"UG/M3","1 Hr","Valid"
"2824","Beijing","PM2.5 - Principal","2021-04-29 12:00 PM",2021,4,29,12,29.9,88,"Moderate",26,"UG/M3","1 Hr","Valid"
"2830","Beijing","PM2.5 - Principal","2021-04-29 06:00 PM",2021,4,29,18,21.3,70,"Moderate",19,"UG/M3","1 Hr","Valid"
"2836","Beijing","PM2.5 - Principal","2021-04-30 12:00 AM",2021,4,30,0,16.8,61,"Moderate",18,"UG/M3","1 Hr","Valid"
"2842","Beijing","PM2.5 - Principal","2021-04-30 06:00 AM",2021,4,30,6,18.3,64,"Moderate",20,"UG/M3","1 Hr","Valid"
"2848","Beijing","PM2.5 - Principal","2021-04-30 12:00 PM",2021,4,30,12,13.1,53,"Moderate",12,"UG/M3","1 Hr","Valid"
"2854","Beijing","PM2.5 - Principal","2021-04-30 06:00 PM",2021,4,30,18,13.4,54,"Moderate",12,"UG/M3","1 Hr","Valid"
"2860","Beijing","PM2.5 - Principal","2021-05-01 12:00 AM",2021,5,1,0,22.5,73,"Moderate",23,"UG/M3","1 Hr","Valid"
"2866","Beijing","PM2.5 - Principal","2021-05-01 06:00 AM",2021,5,1,6,24.4,77,"Moderate",26,"UG/M3","1 Hr","Valid"
"2872","Beijing","PM2.5 - Principal","2021-05-01 12:00 PM",2021,5,1,12,13.1,53,"Moderate",12,"UG/M3","1 Hr","Valid"
"2878","Beijing","PM2.5 - Principal","2021-05-01 06:00 PM",2021,5,1,18,13.7,54,"Moderate",15,"UG/M3","1 Hr","Valid"
"2884","Beijing","PM2.5 - Principal","2021-05-02 12:00 AM",2021,5,2,0,12,50,"Good",12,"UG/M3","1 Hr","Valid"
"2890","Beijing","PM2.5 - Principal","2021-05-02 06:00 AM",2021,5,2,6,13.3,54,"Moderate",14,"UG/M3","1 Hr","Valid"
"2896","Beijing","PM2.5 - Principal","2021-05-02 12:00 PM",2021,5,2,12,40.1,112,"Unhealthy for Sensitive Groups",36,"UG/M3","1 Hr","Valid"
"2902","Beijing","PM2.5 - Principal","2021-05-02 06:00 PM",2021,5,2,18,31.9,93,"Moderate",26,"UG/M3","1 Hr","Valid"
"2908","Beijing","PM2.5 - Principal","2021-05-03 12:00 AM",2021,5,3,0,27.1,83,"Moderate",29,"UG/M3","1 Hr","Valid"
"2914","Beijing","PM2.5 - Principal","2021-05-03 06:00 AM",2021,5,3,6,29.7,88,"Moderate",32,"UG/M3","1 Hr","Valid"
"2920","Beijing","PM2.5 - Principal","2021-05-03 12:00 PM",2021,5,3,12,59.3,153,"Unhealthy",65,"UG/M3","1 Hr","Valid"
"2926","Beijing","PM2.5 - Principal","2021-05-03 06:00 PM",2021,5,3,18,37.5,106,"Unhealthy for Sensitive Groups",32,"UG/M3","1 Hr","Valid"
"2932","Beijing","PM2.5 - Principal","2021-05-04 12:00 AM",2021,5,4,0,35.5,101,"Unhealthy for Sensitive Groups",38,"UG/M3","1 Hr","Valid"
"2938","Beijing","PM2.5 - Principal","2021-05-04 06:00 AM",2021,5,4,6,18.9,65,"Moderate",16,"UG/M3","1 Hr","Valid"
"2944","Beijing","PM2.5 - Principal","2021-05-04 12:00 PM",2021,5,4,12,12.8,52,"Moderate",12,"UG/M3","1 Hr","Valid"
"2950","Beijing","PM2.5 - Principal","2021-05-04 06:00 PM",2021,5,4,18,24.9,78,"Moderate",20,"UG/M3","1 Hr","Valid"
"2956","Beijing","PM2.5 - Principal","2021-05-05 12:00 AM",2021,5,5,0,33.2,95,"Moderate",35,"UG/M3","1 Hr","Valid"
"2962","Beijing","PM2.5 - Principal","2021-05-05 06:00 AM",2021,5,5,6,31.3,91,"Moderate",28,"UG/M3","1 Hr","Valid"
"2968","Beijing","PM2.5 - Principal","2021-05-05 12:00 PM",2021,5,5,12,50.7,138,"Unhealthy for Sensitive Groups",64,"UG/M3","1 Hr","Valid"
"2974","Beijing","PM2.5 - Principal","2021-05-05 06:00 PM",2021,5,5,18,52.3,142,"Unhealthy for Sensitive Groups",48,"UG/M3","1 Hr","Valid"
"2980","Beijing","PM2.5 - Principal","2021-05-06 12:00 AM",2021,5,6,0,47.2,130,"Unhealthy for Sensitive Groups",46,"UG/M3","1 Hr","Valid"
"2986","Beijing","PM2.5 - Principal","2021-05-06 06:00 AM",2021,5,6,6,50.6,138,"Unhealthy for Sensitive Groups",46,"UG/M3","1 Hr","Valid"
"2992","Beijing","PM2.5 - Principal","2021-05-06 12:00 PM",2021,5,6,12,65.1,156,"Unhealthy",69,"UG/M3","1 Hr","Valid"
"2998","Beijing","PM2.5 - Principal","2021-05-06 06:00 PM",2021,5,6,18,121.2,185,"Unhealthy",100,"UG/M3","1 Hr","Valid"
"3004","Beijing","PM2.5 - Principal","2021-05-07 12:00 AM",2021,5,7,0,315.5,365,"Hazardous",311,"UG/M3","1 Hr","Valid"
"3010","Beijing","PM2.5 - Principal","2021-05-07 06:00 AM",2021,5,7,6,64.9,156,"Unhealthy",80,"UG/M3","1 Hr","Valid"
"3016","Beijing","PM2.5 - Principal","2021-05-07 12:00 PM",2021,5,7,12,29.5,88,"Moderate",17,"UG/M3","1 Hr","Valid"
"3022","Beijing","PM2.5 - Principal","2021-05-07 06:00 PM",2021,5,7,18,28.6,86,"Moderate",39,"UG/M3","1 Hr","Valid"
"3028","Beijing","PM2.5 - Principal","2021-05-08 12:00 AM",2021,5,8,0,124.6,187,"Unhealthy",140,"UG/M3","1 Hr","Valid"
"3034","Beijing","PM2.5 - Principal","2021-05-08 06:00 AM",2021,5,8,6,84.8,166,"Unhealthy",60,"UG/M3","1 Hr","Valid"
"3040","Beijing","PM2.5 - Principal","2021-05-08 12:00 PM",2021,5,8,12,6.6,28,"Good",5,"UG/M3","1 Hr","Valid"
"3045","Beijing","PM2.5 - Principal","2021-05-08 06:00 PM",2021,5,8,18,30.7,90,"Moderate",61,"UG/M3","1 Hr","Valid"
"3051","Beijing","PM2.5 - Principal","2021-05-09 12:00 AM",2021,5,9,0,23.1,74,"Moderate",23,"UG/M3","1 Hr","Valid"
"3057","Beijing","PM2.5 - Principal","2021-05-09 06:00 AM",2021,5,9,6,30.7,90,"Moderate",28,"UG/M3","1 Hr","Valid"
"3063","Beijing","PM2.5 - Principal","2021-05-09 12:00 PM",2021,5,9,12,20.9,70,"Moderate",19,"UG/M3","1 Hr","Valid"
"3069","Beijing","PM2.5 - Principal","2021-05-09 06:00 PM",2021,5,9,18,47.9,132,"Unhealthy for Sensitive Groups",41,"UG/M3","1 Hr","Valid"
"3075","Beijing","PM2.5 - Principal","2021-05-10 12:00 AM",2021,5,10,0,19.7,67,"Moderate",21,"UG/M3","1 Hr","Valid"
"3081","Beijing","PM2.5 - Principal","2021-05-10 06:00 AM",2021,5,10,6,37.1,105,"Unhealthy for Sensitive Groups",36,"UG/M3","1 Hr","Valid"
"3087","Beijing","PM2.5 - Principal","2021-05-10 12:00 PM",2021,5,10,12,22.1,72,"Moderate",24,"UG/M3","1 Hr","Valid"
"3093","Beijing","PM2.5 - Principal","2021-05-10 06:00 PM",2021,5,10,18,19.6,67,"Moderate",19,"UG/M3","1 Hr","Valid"
"3099","Beijing","PM2.5 - Principal","2021-05-11 12:00 AM",2021,5,11,0,14.9,57,"Moderate",15,"UG/M3","1 Hr","Valid"
"3105","Beijing","PM2.5 - Principal","2021-05-11 06:00 AM",2021,5,11,6,42.1,117,"Unhealthy for Sensitive Groups",48,"UG/M3","1 Hr","Valid"
"3111","Beijing","PM2.5 - Principal","2021-05-11 12:00 PM",2021,5,11,12,27.6,84,"Moderate",22,"UG/M3","1 Hr","Valid"
"3117","Beijing","PM2.5 - Principal","2021-05-11 06:00 PM",2021,5,11,18,24.8,78,"Moderate",28,"UG/M3","1 Hr","Valid"
"3123","Beijing","PM2.5 - Principal","2021-05-12 12:00 AM",2021,5,12,0,16.4,60,"Moderate",18,"UG/M3","1 Hr","Valid"
"3129","Beijing","PM2.5 - Principal","2021-05-12 06:00 AM",2021,5,12,6,19,66,"Moderate",17,"UG/M3","1 Hr","Valid"
"3135","Beijing","PM2.5 - Principal","2021-05-12 12:00 PM",2021,5,12,12,13.8,55,"Moderate",12,"UG/M3","1 Hr","Valid"
"3141","Beijing","PM2.5 - Principal","2021-05-12 06:00 PM",2021,5,12,18,17.2,62,"Moderate",17,"UG/M3","1 Hr","Valid"
"3147","Beijing","PM2.5 - Principal","2021-05-13 12:00 AM",2021,5,13,0,37.1,105,"Unhealthy for Sensitive Groups",43,"UG/M3","1 Hr","Valid"
"3153","Beijing","PM2.5 - Principal","2021-05-13 06:00 AM",2021,5,13,6,57.4,152,"Unhealthy",56,"UG/M3","1 Hr","Valid"
"3159","Beijing","PM2.5 - Principal","2021-05-13 12:00 PM",2021,5,13,12,70.3,159,"Unhealthy",71,"UG/M3","1 Hr","Valid"
"3165","Beijing","PM2.5 - Principal","2021-05-13 06:00 PM",2021,5,13,18,73.6,160,"Unhealthy",70,"UG/M3","1 Hr","Valid"
"3171","Beijing","PM2.5 - Principal","2021-05-14 12:00 AM",2021,5,14,0,59.6,153,"Unhealthy",51,"UG/M3","1 Hr","Valid"
"3177","Beijing","PM2.5 - Principal","2021-05-14 06:00 AM",2021,5,14,6,65.9,156,"Unhealthy",72,"UG/M3","1 Hr","Valid"
"3183","Beijing","PM2.5 - Principal","2021-05-14 12:00 PM",2021,5,14,12,116.2,182,"Unhealthy",120,"UG/M3","1 Hr","Valid"
"3189","Beijing","PM2.5 - Principal","2021-05-14 06:00 PM",2021,5,14,18,70.4,159,"Unhealthy",66,"UG/M3","1 Hr","Valid"
"3195","Beijing","PM2.5 - Principal","2021-05-15 12:00 AM",2021,5,15,0,49.4,135,"Unhealthy for Sensitive Groups",50,"UG/M3","1 Hr","Valid"
"3201","Beijing","PM2.5 - Principal","2021-05-15 06:00 AM",2021,5,15,6,54.3,147,"Unhealthy for Sensitive Groups",54,"UG/M3","1 Hr","Valid"
"3207","Beijing","PM2.5 - Principal","2021-05-15 12:00 PM",2021,5,15,12,15.9,59,"Moderate",5,"UG/M3","1 Hr","Valid"
"3213","Beijing","PM2.5 - Principal","2021-05-15 06:00 PM",2021,5,15,18,5.8,24,"Good",6,"UG/M3","1 Hr","Valid"
"3219","Beijing","PM2.5 - Principal","2021-05-16 12:00 AM",2021,5,16,0,7.8,33,"Good",9,"UG/M3","1 Hr","Valid"
"3225","Beijing","PM2.5 - Principal","2021-05-16 06:00 AM",2021,5,16,6,7.1,30,"Good",9,"UG/M3","1 Hr","Valid"
"3231","Beijing","PM2.5 - Principal","2021-05-16 12:00 PM",2021,5,16,12,8.6,36,"Good",8,"UG/M3","1 Hr","Valid"
"3237","Beijing","PM2.5 - Principal","2021-05-16 06:00 PM",2021,5,16,18,6,25,"Good",7,"UG/M3","1 Hr","Valid"
"3243","Beijing","PM2.5 - Principal","2021-05-17 12:00 AM",2021,5,17,0,12.1,51,"Moderate",13,"UG/M3","1 Hr","Valid"
"3249","Beijing","PM2.5 - Principal","2021-05-17 06:00 AM",2021,5,17,6,21,70,"Moderate",21,"UG/M3","1 Hr","Valid"
"3255","Beijing","PM2.5 - Principal","2021-05-17 12:00 PM",2021,5,17,12,9.7,40,"Good",6,"UG/M3","1 Hr","Valid"
"3261","Beijing","PM2.5 - Principal","2021-05-17 06:00 PM",2021,5,17,18,8.7,36,"Good",9,"UG/M3","1 Hr","Valid"
"3267","Beijing","PM2.5 - Principal","2021-05-18 12:00 AM",2021,5,18,0,17.3,62,"Moderate",19,"UG/M3","1 Hr","Valid"
"3273","Beijing","PM2.5 - Principal","2021-05-18 06:00 AM",2021,5,18,6,31.3,91,"Moderate",36,"UG/M3","1 Hr","Valid"
"3279","Beijing","PM2.5 - Principal","2021-05-18 12:00 PM",2021,5,18,12,33.1,95,"Moderate",30,"UG/M3","1 Hr","Valid"
"3285","Beijing","PM2.5 - Principal","2021-05-18 06:00 PM",2021,5,18,18,15.8,59,"Moderate",16,"UG/M3","1 Hr","Valid"
"3291","Beijing","PM2.5 - Principal","2021-05-19 12:00 AM",2021,5,19,0,14.3,56,"Moderate",14,"UG/M3","1 Hr","Valid"
"3297","Beijing","PM2.5 - Principal","2021-05-19 06:00 AM",2021,5,19,6,47.6,131,"Unhealthy for Sensitive Groups",51,"UG/M3","1 Hr","Valid"
"3303","Beijing","PM2.5 - Principal","2021-05-19 12:00 PM",2021,5,19,12,51.4,140,"Unhealthy for Sensitive Groups",52,"UG/M3","1 Hr","Valid"
"3309","Beijing","PM2.5 - Principal","2021-05-19 06:00 PM",2021,5,19,18,34.2,97,"Moderate",28,"UG/M3","1 Hr","Valid"
"3315","Beijing","PM2.5 - Principal","2021-05-20 12:00 AM",2021,5,20,0,31.7,92,"Moderate",33,"UG/M3","1 Hr","Valid"
"3321","Beijing","PM2.5 - Principal","2021-05-20 06:00 AM",2021,5,20,6,48.1,132,"Unhealthy for Sensitive Groups",48,"UG/M3","1 Hr","Valid"
"3327","Beijing","PM2.5 - Principal","2021-05-20 12:00 PM",2021,5,20,12,49.2,135,"Unhealthy for Sensitive Groups",46,"UG/M3","1 Hr","Valid"
"3333","Beijing","PM2.5 - Principal","2021-05-20 06:00 PM",2021,5,20,18,42.6,118,"Unhealthy for Sensitive Groups",40,"UG/M3","1 Hr","Valid"
"3339","Beijing","PM2.5 - Principal","2021-05-21 12:00 AM",2021,5,21,0,84.3,166,"Unhealthy",90,"UG/M3","1 Hr","Valid"
"3345","Beijing","PM2.5 - Principal","2021-05-21 06:00 AM",2021,5,21,6,111.1,180,"Unhealthy",110,"UG/M3","1 Hr","Valid"
"3351","Beijing","PM2.5 - Principal","2021-05-21 12:00 PM",2021,5,21,12,53.2,145,"Unhealthy for Sensitive Groups",64,"UG/M3","1 Hr","Valid"
"3357","Beijing","PM2.5 - Principal","2021-05-21 06:00 PM",2021,5,21,18,47.8,131,"Unhealthy for Sensitive Groups",48,"UG/M3","1 Hr","Valid"
"3363","Beijing","PM2.5 - Principal","2021-05-22 12:00 AM",2021,5,22,0,20,68,"Moderate",18,"UG/M3","1 Hr","Valid"
"3369","Beijing","PM2.5 - Principal","2021-05-22 06:00 AM",2021,5,22,6,28.2,85,"Moderate",28,"UG/M3","1 Hr","Valid"
"3375","Beijing","PM2.5 - Principal","2021-05-22 12:00 PM",2021,5,22,12,49.9,136,"Unhealthy for Sensitive Groups",44,"UG/M3","1 Hr","Valid"
"3381","Beijing","PM2.5 - Principal","2021-05-22 06:00 PM",2021,5,22,18,47.3,130,"Unhealthy for Sensitive Groups",48,"UG/M3","1 Hr","Valid"
"3387","Beijing","PM2.5 - Principal","2021-05-23 12:00 AM",2021,5,23,0,63.1,155,"Unhealthy",53,"UG/M3","1 Hr","Valid"
"3393","Beijing","PM2.5 - Principal","2021-05-23 06:00 AM",2021,5,23,6,22.9,74,"Moderate",23,"UG/M3","1 Hr","Valid"
"3399","Beijing","PM2.5 - Principal","2021-05-23 12:00 PM",2021,5,23,12,151.8,202,"Very Unhealthy",148,"UG/M3","1 Hr","Valid"
"3405","Beijing","PM2.5 - Principal","2021-05-23 06:00 PM",2021,5,23,18,64.3,156,"Unhealthy",69,"UG/M3","1 Hr","Valid"
"3411","Beijing","PM2.5 - Principal","2021-05-24 12:00 AM",2021,5,24,0,30,89,"Moderate",24,"UG/M3","1 Hr","Valid"
"3417","Beijing","PM2.5 - Principal","2021-05-24 06:00 AM",2021,5,24,6,20.9,70,"Moderate",17,"UG/M3","1 Hr","Valid"
"3423","Beijing","PM2.5 - Principal","2021-05-24 12:00 PM",2021,5,24,12,36,102,"Unhealthy for Sensitive Groups",37,"UG/M3","1 Hr","Valid"
"3429","Beijing","PM2.5 - Principal","2021-05-24 06:00 PM",2021,5,24,18,22.2,72,"Moderate",21,"UG/M3","1 Hr","Valid"
"3435","Beijing","PM2.5 - Principal","2021-05-25 12:00 AM",2021,5,25,0,19.8,67,"Moderate",22,"UG/M3","1 Hr","Valid"
"3441","Beijing","PM2.5 - Principal","2021-05-25 06:00 AM",2021,5,25,6,16.1,59,"Moderate",15,"UG/M3","1 Hr","Valid"
"3447","Beijing","PM2.5 - Principal","2021-05-25 12:00 PM",2021,5,25,12,25.4,79,"Moderate",25,"UG/M3","1 Hr","Valid"
"3453","Beijing","PM2.5 - Principal","2021-05-25 06:00 PM",2021,5,25,18,46.9,129,"Unhealthy for Sensitive Groups",46,"UG/M3","1 Hr","Valid"
"3459","Beijing","PM2.5 - Principal","2021-05-26 12:00 AM",2021,5,26,0,28.2,85,"Moderate",28,"UG/M3","1 Hr","Valid"
"3465","Beijing","PM2.5 - Principal","2021-05-26 06:00 AM",2021,5,26,6,28.9,86,"Moderate",27,"UG/M3","1 Hr","Valid"
"3471","Beijing","PM2.5 - Principal","2021-05-26 12:00 PM",2021,5,26,12,37.1,105,"Unhealthy for Sensitive Groups",28,"UG/M3","1 Hr","Valid"
"3477","Beijing","PM2.5 - Principal","2021-05-26 06:00 PM",2021,5,26,18,20.1,68,"Moderate",18,"UG/M3","1 Hr","Valid"
"3483","Beijing","PM2.5 - Principal","2021-05-27 12:00 AM",2021,5,27,0,22.2,72,"Moderate",23,"UG/M3","1 Hr","Valid"
"3489","Beijing","PM2.5 - Principal","2021-05-27 06:00 AM",2021,5,27,6,22.8,74,"Moderate",24,"UG/M3","1 Hr","Valid"
"3495","Beijing","PM2.5 - Principal","2021-05-27 12:00 PM",2021,5,27,12,39,110,"Unhealthy for Sensitive Groups",38,"UG/M3","1 Hr","Valid"
"3501","Beijing","PM2.5 - Principal","2021-05-27 06:00 PM",2021,5,27,18,34.1,97,"Moderate",39,"UG/M3","1 Hr","Valid"
"3507","Beijing","PM2.5 - Principal","2021-05-28 12:00 AM",2021,5,28,0,10.4,43,"Good",9,"UG/M3","1 Hr","Valid"
"3513","Beijing","PM2.5 - Principal","2021-05-28 06:00 AM",2021,5,28,6,6.8,28,"Good",7,"UG/M3","1 Hr","Valid"
"3519","Beijing","PM2.5 - Principal","2021-05-28 12:00 PM",2021,5,28,12,10.3,43,"Good",12,"UG/M3","1 Hr","Valid"
"3525","Beijing","PM2.5 - Principal","2021-05-28 06:00 PM",2021,5,28,18,14.2,55,"Moderate",13,"UG/M3","1 Hr","Valid"
"3531","Beijing","PM2.5 - Principal","2021-05-29 12:00 AM",2021,5,29,0,24.8,78,"Moderate",28,"UG/M3","1 Hr","Valid"
"3537","Beijing","PM2.5 - Principal","2021-05-29 06:00 AM",2021,5,29,6,40,112,"Unhealthy for Sensitive Groups",62,"UG/M3","1 Hr","Valid"
"3543","Beijing","PM2.5 - Principal","2021-05-29 12:00 PM",2021,5,29,12,8,33,"Good",8,"UG/M3","1 Hr","Valid"
"3549","Beijing","PM2.5 - Principal","2021-05-29 06:00 PM",2021,5,29,18,13.7,54,"Moderate",14,"UG/M3","1 Hr","Valid"
"3555","Beijing","PM2.5 - Principal","2021-05-30 12:00 AM",2021,5,30,0,12.6,52,"Moderate",8,"UG/M3","1 Hr","Valid"
"3561","Beijing","PM2.5 - Principal","2021-05-30 06:00 AM",2021,5,30,6,12.4,52,"Moderate",13,"UG/M3","1 Hr","Valid"
"3567","Beijing","PM2.5 - Principal","2021-05-30 12:00 PM",2021,5,30,12,18.7,65,"Moderate",19,"UG/M3","1 Hr","Valid"
"3573","Beijing","PM2.5 - Principal","2021-05-30 06:00 PM",2021,5,30,18,19.8,67,"Moderate",18,"UG/M3","1 Hr","Valid"
"3579","Beijing","PM2.5 - Principal","2021-05-31 12:00 AM",2021,5,31,0,26.9,82,"Moderate",31,"UG/M3","1 Hr","Valid"
"3585","Beijing","PM2.5 - Principal","2021-05-31 06:00 AM",2021,5,31,6,47.9,132,"Unhealthy for Sensitive Groups",51,"UG/M3","1 Hr","Valid"
"3591","Beijing","PM2.5 - Principal","2021-05-31 12:00 PM",2021,5,31,12,51.4,140,"Unhealthy for Sensitive Groups",54,"UG/M3","1 Hr","Valid"
"3597","Beijing","PM2.5 - Principal","2021-05-31 06:00 PM",2021,5,31,18,60.5,154,"Unhealthy",57,"UG/M3","1 Hr","Valid"
"3603","Beijing","PM2.5 - Principal","2021-06-01 12:00 AM",2021,6,1,0,37,105,"Unhealthy for Sensitive Groups",42,"UG/M3","1 Hr","Valid"
