"","Site","Parameter","Date..LT.","Year","Month","Day","Hour","NowCast.Conc.","AQI","AQI.Category","Raw.Conc.","Conc..Unit","Duration","QC.Name"
"6","Guangzhou","PM2.5 - Principal","2021-01-01 06:00 AM",2021,1,1,6,9.2,38,"Good",9,"UG/M3","1 Hr","Valid"
"12","Guangzhou","PM2.5 - Principal","2021-01-01 12:00 PM",2021,1,1,12,10.1,42,"Good",12,"UG/M3","1 Hr","Valid"
"18","Guangzhou","PM2.5 - Principal","2021-01-01 06:00 PM",2021,1,1,18,14.2,55,"Moderate",17,"UG/M3","1 Hr","Valid"
"24","Guangzhou","PM2.5 - Principal","2021-01-02 12:00 AM",2021,1,2,0,25.2,79,"Moderate",24,"UG/M3","1 Hr","Valid"
"30","Guangzhou","PM2.5 - Principal","2021-01-02 06:00 AM",2021,1,2,6,15.9,59,"Moderate",13,"UG/M3","1 Hr","Valid"
"36","Guangzhou","PM2.5 - Principal","2021-01-02 12:00 PM",2021,1,2,12,14.8,57,"Moderate",15,"UG/M3","1 Hr","Valid"
"42","Guangzhou","PM2.5 - Principal","2021-01-02 06:00 PM",2021,1,2,18,22,72,"Moderate",24,"UG/M3","1 Hr","Valid"
"48","Guangzhou","PM2.5 - Principal","2021-01-03 12:00 AM",2021,1,3,0,61.5,154,"Unhealthy",66,"UG/M3","1 Hr","Valid"
"54","Guangzhou","PM2.5 - Principal","2021-01-03 06:00 AM",2021,1,3,6,58.1,152,"Unhealthy",60,"UG/M3","1 Hr","Valid"
"60","Guangzhou","PM2.5 - Principal","2021-01-03 12:00 PM",2021,1,3,12,27.7,84,"Moderate",25,"UG/M3","1 Hr","Valid"
"66","Guangzhou","PM2.5 - Principal","2021-01-03 06:00 PM",2021,1,3,18,31,91,"Moderate",31,"UG/M3","1 Hr","Valid"
"72","Guangzhou","PM2.5 - Principal","2021-01-04 12:00 AM",2021,1,4,0,30.9,91,"Moderate",31,"UG/M3","1 Hr","Valid"
"78","Guangzhou","PM2.5 - Principal","2021-01-04 06:00 AM",2021,1,4,6,27.2,83,"Moderate",23,"UG/M3","1 Hr","Valid"
"84","Guangzhou","PM2.5 - Principal","2021-01-04 12:00 PM",2021,1,4,12,24.6,77,"Moderate",22,"UG/M3","1 Hr","Valid"
"90","Guangzhou","PM2.5 - Principal","2021-01-04 06:00 PM",2021,1,4,18,33.2,95,"Moderate",36,"UG/M3","1 Hr","Valid"
"96","Guangzhou","PM2.5 - Principal","2021-01-05 12:00 AM",2021,1,5,0,44.4,123,"Unhealthy for Sensitive Groups",44,"UG/M3","1 Hr","Valid"
"102","Guangzhou","PM2.5 - Principal","2021-01-05 06:00 AM",2021,1,5,6,42.9,119,"Unhealthy for Sensitive Groups",42,"UG/M3","1 Hr","Valid"
"107","Guangzhou","PM2.5 - Principal","2021-01-05 12:00 PM",2021,1,5,12,37.8,107,"Unhealthy for Sensitive Groups",37,"UG/M3","1 Hr","Valid"
"113","Guangzhou","PM2.5 - Principal","2021-01-05 06:00 PM",2021,1,5,18,29.8,88,"Moderate",29,"UG/M3","1 Hr","Valid"
"119","Guangzhou","PM2.5 - Principal","2021-01-06 12:00 AM",2021,1,6,0,42.4,118,"Unhealthy for Sensitive Groups",42,"UG/M3","1 Hr","Valid"
"125","Guangzhou","PM2.5 - Principal","2021-01-06 06:00 AM",2021,1,6,6,31.4,92,"Moderate",33,"UG/M3","1 Hr","Valid"
"131","Guangzhou","PM2.5 - Principal","2021-01-06 12:00 PM",2021,1,6,12,45.4,125,"Unhealthy for Sensitive Groups",48,"UG/M3","1 Hr","Valid"
"137","Guangzhou","PM2.5 - Principal","2021-01-06 06:00 PM",2021,1,6,18,61,154,"Unhealthy",63,"UG/M3","1 Hr","Valid"
"143","Guangzhou","PM2.5 - Principal","2021-01-07 12:00 AM",2021,1,7,0,68.2,158,"Unhealthy",73,"UG/M3","1 Hr","Valid"
"149","Guangzhou","PM2.5 - Principal","2021-01-07 06:00 AM",2021,1,7,6,61.4,154,"Unhealthy",60,"UG/M3","1 Hr","Valid"
"155","Guangzhou","PM2.5 - Principal","2021-01-07 12:00 PM",2021,1,7,12,51.3,140,"Unhealthy for Sensitive Groups",41,"UG/M3","1 Hr","Valid"
"161","Guangzhou","PM2.5 - Principal","2021-01-07 06:00 PM",2021,1,7,18,25.1,78,"Moderate",24,"UG/M3","1 Hr","Valid"
"167","Guangzhou","PM2.5 - Principal","2021-01-08 12:00 AM",2021,1,8,0,22.9,74,"Moderate",25,"UG/M3","1 Hr","Valid"
"173","Guangzhou","PM2.5 - Principal","2021-01-08 06:00 AM",2021,1,8,6,36.2,103,"Unhealthy for Sensitive Groups",38,"UG/M3","1 Hr","Valid"
"179","Guangzhou","PM2.5 - Principal","2021-01-08 12:00 PM",2021,1,8,12,33.6,96,"Moderate",35,"UG/M3","1 Hr","Valid"
"185","Guangzhou","PM2.5 - Principal","2021-01-08 06:00 PM",2021,1,8,18,38.9,109,"Unhealthy for Sensitive Groups",40,"UG/M3","1 Hr","Valid"
"191","Guangzhou","PM2.5 - Principal","2021-01-09 12:00 AM",2021,1,9,0,37.8,107,"Unhealthy for Sensitive Groups",32,"UG/M3","1 Hr","Valid"
"197","Guangzhou","PM2.5 - Principal","2021-01-09 06:00 AM",2021,1,9,6,13.9,55,"Moderate",13,"UG/M3","1 Hr","Valid"
"203","Guangzhou","PM2.5 - Principal","2021-01-09 12:00 PM",2021,1,9,12,11.6,48,"Good",12,"UG/M3","1 Hr","Valid"
"209","Guangzhou","PM2.5 - Principal","2021-01-09 06:00 PM",2021,1,9,18,18.5,64,"Moderate",22,"UG/M3","1 Hr","Valid"
"215","Guangzhou","PM2.5 - Principal","2021-01-10 12:00 AM",2021,1,10,0,23.6,75,"Moderate",21,"UG/M3","1 Hr","Valid"
"221","Guangzhou","PM2.5 - Principal","2021-01-10 06:00 AM",2021,1,10,6,17.2,62,"Moderate",17,"UG/M3","1 Hr","Valid"
"227","Guangzhou","PM2.5 - Principal","2021-01-10 12:00 PM",2021,1,10,12,16.7,61,"Moderate",17,"UG/M3","1 Hr","Valid"
"233","Guangzhou","PM2.5 - Principal","2021-01-10 06:00 PM",2021,1,10,18,24.5,77,"Moderate",26,"UG/M3","1 Hr","Valid"
"239","Guangzhou","PM2.5 - Principal","2021-01-11 12:00 AM",2021,1,11,0,24.8,78,"Moderate",24,"UG/M3","1 Hr","Valid"
"245","Guangzhou","PM2.5 - Principal","2021-01-11 06:00 AM",2021,1,11,6,20.6,69,"Moderate",22,"UG/M3","1 Hr","Valid"
"251","Guangzhou","PM2.5 - Principal","2021-01-11 12:00 PM",2021,1,11,12,24.5,77,"Moderate",28,"UG/M3","1 Hr","Valid"
"257","Guangzhou","PM2.5 - Principal","2021-01-11 06:00 PM",2021,1,11,18,35.6,101,"Unhealthy for Sensitive Groups",39,"UG/M3","1 Hr","Valid"
"263","Guangzhou","PM2.5 - Principal","2021-01-12 12:00 AM",2021,1,12,0,42.6,118,"Unhealthy for Sensitive Groups",43,"UG/M3","1 Hr","Valid"
"268","Guangzhou","PM2.5 - Principal","2021-01-12 06:00 AM",2021,1,12,6,41.3,115,"Unhealthy for Sensitive Groups",38,"UG/M3","1 Hr","Valid"
"274","Guangzhou","PM2.5 - Principal","2021-01-12 12:00 PM",2021,1,12,12,34.4,98,"Moderate",28,"UG/M3","1 Hr","Valid"
"280","Guangzhou","PM2.5 - Principal","2021-01-12 06:00 PM",2021,1,12,18,24,76,"Moderate",24,"UG/M3","1 Hr","Valid"
"286","Guangzhou","PM2.5 - Principal","2021-01-13 12:00 AM",2021,1,13,0,35,99,"Moderate",34,"UG/M3","1 Hr","Valid"
"292","Guangzhou","PM2.5 - Principal","2021-01-13 06:00 AM",2021,1,13,6,41.7,116,"Unhealthy for Sensitive Groups",37,"UG/M3","1 Hr","Valid"
"298","Guangzhou","PM2.5 - Principal","2021-01-13 12:00 PM",2021,1,13,12,39.8,112,"Unhealthy for Sensitive Groups",36,"UG/M3","1 Hr","Valid"
"304","Guangzhou","PM2.5 - Principal","2021-01-13 06:00 PM",2021,1,13,18,37.5,106,"Unhealthy for Sensitive Groups",41,"UG/M3","1 Hr","Valid"
"310","Guangzhou","PM2.5 - Principal","2021-01-14 12:00 AM",2021,1,14,0,76.1,162,"Unhealthy",81,"UG/M3","1 Hr","Valid"
"316","Guangzhou","PM2.5 - Principal","2021-01-14 06:00 AM",2021,1,14,6,78.9,163,"Unhealthy",77,"UG/M3","1 Hr","Valid"
"322","Guangzhou","PM2.5 - Principal","2021-01-14 12:00 PM",2021,1,14,12,89.5,169,"Unhealthy",104,"UG/M3","1 Hr","Valid"
"328","Guangzhou","PM2.5 - Principal","2021-01-14 06:00 PM",2021,1,14,18,94.2,171,"Unhealthy",97,"UG/M3","1 Hr","Valid"
"334","Guangzhou","PM2.5 - Principal","2021-01-15 12:00 AM",2021,1,15,0,132.5,191,"Unhealthy",129,"UG/M3","1 Hr","Valid"
"340","Guangzhou","PM2.5 - Principal","2021-01-15 06:00 AM",2021,1,15,6,117.3,183,"Unhealthy",105,"UG/M3","1 Hr","Valid"
"346","Guangzhou","PM2.5 - Principal","2021-01-15 12:00 PM",2021,1,15,12,113.5,181,"Unhealthy",105,"UG/M3","1 Hr","Valid"
"352","Guangzhou","PM2.5 - Principal","2021-01-15 06:00 PM",2021,1,15,18,100.7,174,"Unhealthy",108,"UG/M3","1 Hr","Valid"
"358","Guangzhou","PM2.5 - Principal","2021-01-16 12:00 AM",2021,1,16,0,177.8,228,"Very Unhealthy",186,"UG/M3","1 Hr","Valid"
"364","Guangzhou","PM2.5 - Principal","2021-01-16 06:00 AM",2021,1,16,6,181.5,232,"Very Unhealthy",173,"UG/M3","1 Hr","Valid"
"370","Guangzhou","PM2.5 - Principal","2021-01-16 12:00 PM",2021,1,16,12,181,231,"Very Unhealthy",189,"UG/M3","1 Hr","Valid"
"376","Guangzhou","PM2.5 - Principal","2021-01-16 06:00 PM",2021,1,16,18,173.2,223,"Very Unhealthy",176,"UG/M3","1 Hr","Valid"
"382","Guangzhou","PM2.5 - Principal","2021-01-17 12:00 AM",2021,1,17,0,139.9,195,"Unhealthy",80,"UG/M3","1 Hr","Valid"
"388","Guangzhou","PM2.5 - Principal","2021-01-17 06:00 AM",2021,1,17,6,49.7,136,"Unhealthy for Sensitive Groups",52,"UG/M3","1 Hr","Valid"
"394","Guangzhou","PM2.5 - Principal","2021-01-17 12:00 PM",2021,1,17,12,68.7,158,"Unhealthy",66,"UG/M3","1 Hr","Valid"
"400","Guangzhou","PM2.5 - Principal","2021-01-17 06:00 PM",2021,1,17,18,61.1,154,"Unhealthy",59,"UG/M3","1 Hr","Valid"
"406","Guangzhou","PM2.5 - Principal","2021-01-18 12:00 AM",2021,1,18,0,43.1,120,"Unhealthy for Sensitive Groups",38,"UG/M3","1 Hr","Valid"
"412","Guangzhou","PM2.5 - Principal","2021-01-18 06:00 AM",2021,1,18,6,39.6,111,"Unhealthy for Sensitive Groups",40,"UG/M3","1 Hr","Valid"
"418","Guangzhou","PM2.5 - Principal","2021-01-18 12:00 PM",2021,1,18,12,40.3,113,"Unhealthy for Sensitive Groups",38,"UG/M3","1 Hr","Valid"
"424","Guangzhou","PM2.5 - Principal","2021-01-18 06:00 PM",2021,1,18,18,40.2,113,"Unhealthy for Sensitive Groups",39,"UG/M3","1 Hr","Valid"
"430","Guangzhou","PM2.5 - Principal","2021-01-19 12:00 AM",2021,1,19,0,65.8,156,"Unhealthy",68,"UG/M3","1 Hr","Valid"
"436","Guangzhou","PM2.5 - Principal","2021-01-19 06:00 AM",2021,1,19,6,37.5,106,"Unhealthy for Sensitive Groups",32,"UG/M3","1 Hr","Valid"
"442","Guangzhou","PM2.5 - Principal","2021-01-19 12:00 PM",2021,1,19,12,39.7,111,"Unhealthy for Sensitive Groups",41,"UG/M3","1 Hr","Valid"
"448","Guangzhou","PM2.5 - Principal","2021-01-19 06:00 PM",2021,1,19,18,52.3,142,"Unhealthy for Sensitive Groups",55,"UG/M3","1 Hr","Valid"
"454","Guangzhou","PM2.5 - Principal","2021-01-20 12:00 AM",2021,1,20,0,91,169,"Unhealthy",96,"UG/M3","1 Hr","Valid"
"460","Guangzhou","PM2.5 - Principal","2021-01-20 06:00 AM",2021,1,20,6,65.7,156,"Unhealthy",62,"UG/M3","1 Hr","Valid"
"466","Guangzhou","PM2.5 - Principal","2021-01-20 12:00 PM",2021,1,20,12,57.2,152,"Unhealthy",56,"UG/M3","1 Hr","Valid"
"472","Guangzhou","PM2.5 - Principal","2021-01-20 06:00 PM",2021,1,20,18,46.3,128,"Unhealthy for Sensitive Groups",49,"UG/M3","1 Hr","Valid"
"478","Guangzhou","PM2.5 - Principal","2021-01-21 12:00 AM",2021,1,21,0,97.1,172,"Unhealthy",114,"UG/M3","1 Hr","Valid"
"484","Guangzhou","PM2.5 - Principal","2021-01-21 06:00 AM",2021,1,21,6,128.2,189,"Unhealthy",122,"UG/M3","1 Hr","Valid"
"490","Guangzhou","PM2.5 - Principal","2021-01-21 12:00 PM",2021,1,21,12,125,187,"Unhealthy",134,"UG/M3","1 Hr","Valid"
"496","Guangzhou","PM2.5 - Principal","2021-01-21 06:00 PM",2021,1,21,18,46,127,"Unhealthy for Sensitive Groups",35,"UG/M3","1 Hr","Valid"
"502","Guangzhou","PM2.5 - Principal","2021-01-22 12:00 AM",2021,1,22,0,30.2,89,"Moderate",30,"UG/M3","1 Hr","Valid"
"508","Guangzhou","PM2.5 - Principal","2021-01-22 06:00 AM",2021,1,22,6,27.9,84,"Moderate",28,"UG/M3","1 Hr","Valid"
"514","Guangzhou","PM2.5 - Principal","2021-01-22 12:00 PM",2021,1,22,12,22,72,"Moderate",25,"UG/M3","1 Hr","Valid"
"520","Guangzhou","PM2.5 - Principal","2021-01-22 06:00 PM",2021,1,22,18,26.3,81,"Moderate",26,"UG/M3","1 Hr","Valid"
"526","Guangzhou","PM2.5 - Principal","2021-01-23 12:00 AM",2021,1,23,0,31,91,"Moderate",32,"UG/M3","1 Hr","Valid"
"532","Guangzhou","PM2.5 - Principal","2021-01-23 06:00 AM",2021,1,23,6,29.2,87,"Moderate",34,"UG/M3","1 Hr","Valid"
"538","Guangzhou","PM2.5 - Principal","2021-01-23 12:00 PM",2021,1,23,12,40.2,113,"Unhealthy for Sensitive Groups",38,"UG/M3","1 Hr","Valid"
"544","Guangzhou","PM2.5 - Principal","2021-01-23 06:00 PM",2021,1,23,18,41.5,116,"Unhealthy for Sensitive Groups",38,"UG/M3","1 Hr","Valid"
"550","Guangzhou","PM2.5 - Principal","2021-01-24 12:00 AM",2021,1,24,0,52.3,142,"Unhealthy for Sensitive Groups",43,"UG/M3","1 Hr","Valid"
"556","Guangzhou","PM2.5 - Principal","2021-01-24 06:00 AM",2021,1,24,6,37.6,106,"Unhealthy for Sensitive Groups",37,"UG/M3","1 Hr","Valid"
"562","Guangzhou","PM2.5 - Principal","2021-01-24 12:00 PM",2021,1,24,12,44.7,124,"Unhealthy for Sensitive Groups",51,"UG/M3","1 Hr","Valid"
"568","Guangzhou","PM2.5 - Principal","2021-01-24 06:00 PM",2021,1,24,18,35.7,101,"Unhealthy for Sensitive Groups",28,"UG/M3","1 Hr","Valid"
"574","Guangzhou","PM2.5 - Principal","2021-01-25 12:00 AM",2021,1,25,0,28.3,85,"Moderate",27,"UG/M3","1 Hr","Valid"
"580","Guangzhou","PM2.5 - Principal","2021-01-25 06:00 AM",2021,1,25,6,33.8,97,"Moderate",41,"UG/M3","1 Hr","Valid"
"586","Guangzhou","PM2.5 - Principal","2021-01-25 12:00 PM",2021,1,25,12,39.3,110,"Unhealthy for Sensitive Groups",39,"UG/M3","1 Hr","Valid"
"592","Guangzhou","PM2.5 - Principal","2021-01-25 06:00 PM",2021,1,25,18,31.2,91,"Moderate",28,"UG/M3","1 Hr","Valid"
"598","Guangzhou","PM2.5 - Principal","2021-01-26 12:00 AM",2021,1,26,0,64.9,156,"Unhealthy",71,"UG/M3","1 Hr","Valid"
"604","Guangzhou","PM2.5 - Principal","2021-01-26 06:00 AM",2021,1,26,6,58.4,152,"Unhealthy",55,"UG/M3","1 Hr","Valid"
"610","Guangzhou","PM2.5 - Principal","2021-01-26 12:00 PM",2021,1,26,12,46.5,128,"Unhealthy for Sensitive Groups",49,"UG/M3","1 Hr","Valid"
"616","Guangzhou","PM2.5 - Principal","2021-01-26 06:00 PM",2021,1,26,18,38.4,108,"Unhealthy for Sensitive Groups",34,"UG/M3","1 Hr","Valid"
"622","Guangzhou","PM2.5 - Principal","2021-01-27 12:00 AM",2021,1,27,0,35.8,102,"Unhealthy for Sensitive Groups",38,"UG/M3","1 Hr","Valid"
"628","Guangzhou","PM2.5 - Principal","2021-01-27 06:00 AM",2021,1,27,6,28.3,85,"Moderate",24,"UG/M3","1 Hr","Valid"
"634","Guangzhou","PM2.5 - Principal","2021-01-27 12:00 PM",2021,1,27,12,29.7,88,"Moderate",33,"UG/M3","1 Hr","Valid"
"640","Guangzhou","PM2.5 - Principal","2021-01-27 06:00 PM",2021,1,27,18,49,134,"Unhealthy for Sensitive Groups",53,"UG/M3","1 Hr","Valid"
"646","Guangzhou","PM2.5 - Principal","2021-01-28 12:00 AM",2021,1,28,0,72.9,160,"Unhealthy",70,"UG/M3","1 Hr","Valid"
"652","Guangzhou","PM2.5 - Principal","2021-01-28 06:00 AM",2021,1,28,6,61.6,154,"Unhealthy",58,"UG/M3","1 Hr","Valid"
"658","Guangzhou","PM2.5 - Principal","2021-01-28 12:00 PM",2021,1,28,12,48.8,134,"Unhealthy for Sensitive Groups",49,"UG/M3","1 Hr","Valid"
"664","Guangzhou","PM2.5 - Principal","2021-01-28 06:00 PM",2021,1,28,18,37.1,105,"Unhealthy for Sensitive Groups",31,"UG/M3","1 Hr","Valid"
"670","Guangzhou","PM2.5 - Principal","2021-01-29 12:00 AM",2021,1,29,0,16.8,61,"Moderate",13,"UG/M3","1 Hr","Valid"
"676","Guangzhou","PM2.5 - Principal","2021-01-29 06:00 AM",2021,1,29,6,18.3,64,"Moderate",20,"UG/M3","1 Hr","Valid"
"681","Guangzhou","PM2.5 - Principal","2021-01-29 12:00 PM",2021,1,29,12,16.8,61,"Moderate",14,"UG/M3","1 Hr","Valid"
"687","Guangzhou","PM2.5 - Principal","2021-01-29 06:00 PM",2021,1,29,18,25.2,79,"Moderate",27,"UG/M3","1 Hr","Valid"
"693","Guangzhou","PM2.5 - Principal","2021-01-30 12:00 AM",2021,1,30,0,31.6,92,"Moderate",27,"UG/M3","1 Hr","Valid"
"699","Guangzhou","PM2.5 - Principal","2021-01-30 06:00 AM",2021,1,30,6,37.5,106,"Unhealthy for Sensitive Groups",39,"UG/M3","1 Hr","Valid"
"705","Guangzhou","PM2.5 - Principal","2021-01-30 12:00 PM",2021,1,30,12,39.6,111,"Unhealthy for Sensitive Groups",37,"UG/M3","1 Hr","Valid"
"711","Guangzhou","PM2.5 - Principal","2021-01-30 06:00 PM",2021,1,30,18,43.5,121,"Unhealthy for Sensitive Groups",44,"UG/M3","1 Hr","Valid"
"717","Guangzhou","PM2.5 - Principal","2021-01-31 12:00 AM",2021,1,31,0,47.5,131,"Unhealthy for Sensitive Groups",34,"UG/M3","1 Hr","Valid"
"723","Guangzhou","PM2.5 - Principal","2021-01-31 06:00 AM",2021,1,31,6,34.5,98,"Moderate",35,"UG/M3","1 Hr","Valid"
"729","Guangzhou","PM2.5 - Principal","2021-01-31 12:00 PM",2021,1,31,12,41.1,115,"Unhealthy for Sensitive Groups",42,"UG/M3","1 Hr","Valid"
"735","Guangzhou","PM2.5 - Principal","2021-01-31 06:00 PM",2021,1,31,18,28.7,86,"Moderate",26,"UG/M3","1 Hr","Valid"
"741","Guangzhou","PM2.5 - Principal","2021-02-01 12:00 AM",2021,2,1,0,24.2,76,"Moderate",26,"UG/M3","1 Hr","Valid"
"747","Guangzhou","PM2.5 - Principal","2021-02-01 06:00 AM",2021,2,1,6,22.1,72,"Moderate",24,"UG/M3","1 Hr","Valid"
"753","Guangzhou","PM2.5 - Principal","2021-02-01 12:00 PM",2021,2,1,12,35.3,100,"Moderate",34,"UG/M3","1 Hr","Valid"
"759","Guangzhou","PM2.5 - Principal","2021-02-01 06:00 PM",2021,2,1,18,24.1,76,"Moderate",25,"UG/M3","1 Hr","Valid"
"765","Guangzhou","PM2.5 - Principal","2021-02-02 12:00 AM",2021,2,2,0,26.1,80,"Moderate",19,"UG/M3","1 Hr","Valid"
"771","Guangzhou","PM2.5 - Principal","2021-02-02 06:00 AM",2021,2,2,6,23.9,76,"Moderate",21,"UG/M3","1 Hr","Valid"
"777","Guangzhou","PM2.5 - Principal","2021-02-02 12:00 PM",2021,2,2,12,32.8,95,"Moderate",32,"UG/M3","1 Hr","Valid"
"783","Guangzhou","PM2.5 - Principal","2021-02-02 06:00 PM",2021,2,2,18,22,72,"Moderate",19,"UG/M3","1 Hr","Valid"
"789","Guangzhou","PM2.5 - Principal","2021-02-03 12:00 AM",2021,2,3,0,32.8,95,"Moderate",35,"UG/M3","1 Hr","Valid"
"795","Guangzhou","PM2.5 - Principal","2021-02-03 06:00 AM",2021,2,3,6,27.3,83,"Moderate",25,"UG/M3","1 Hr","Valid"
"801","Guangzhou","PM2.5 - Principal","2021-02-03 12:00 PM",2021,2,3,12,31.3,91,"Moderate",34,"UG/M3","1 Hr","Valid"
"807","Guangzhou","PM2.5 - Principal","2021-02-03 06:00 PM",2021,2,3,18,35,99,"Moderate",38,"UG/M3","1 Hr","Valid"
"813","Guangzhou","PM2.5 - Principal","2021-02-04 12:00 AM",2021,2,4,0,39.1,110,"Unhealthy for Sensitive Groups",36,"UG/M3","1 Hr","Valid"
"819","Guangzhou","PM2.5 - Principal","2021-02-04 06:00 AM",2021,2,4,6,31.5,92,"Moderate",31,"UG/M3","1 Hr","Valid"
"825","Guangzhou","PM2.5 - Principal","2021-02-04 12:00 PM",2021,2,4,12,44.2,122,"Unhealthy for Sensitive Groups",46,"UG/M3","1 Hr","Valid"
"831","Guangzhou","PM2.5 - Principal","2021-02-04 06:00 PM",2021,2,4,18,37.7,106,"Unhealthy for Sensitive Groups",34,"UG/M3","1 Hr","Valid"
"837","Guangzhou","PM2.5 - Principal","2021-02-05 12:00 AM",2021,2,5,0,30.4,89,"Moderate",28,"UG/M3","1 Hr","Valid"
"843","Guangzhou","PM2.5 - Principal","2021-02-05 06:00 AM",2021,2,5,6,21.2,70,"Moderate",20,"UG/M3","1 Hr","Valid"
"849","Guangzhou","PM2.5 - Principal","2021-02-05 12:00 PM",2021,2,5,12,29.6,88,"Moderate",33,"UG/M3","1 Hr","Valid"
"855","Guangzhou","PM2.5 - Principal","2021-02-05 06:00 PM",2021,2,5,18,26.1,80,"Moderate",26,"UG/M3","1 Hr","Valid"
"861","Guangzhou","PM2.5 - Principal","2021-02-06 12:00 AM",2021,2,6,0,37.4,106,"Unhealthy for Sensitive Groups",42,"UG/M3","1 Hr","Valid"
"867","Guangzhou","PM2.5 - Principal","2021-02-06 06:00 AM",2021,2,6,6,40.3,113,"Unhealthy for Sensitive Groups",39,"UG/M3","1 Hr","Valid"
"873","Guangzhou","PM2.5 - Principal","2021-02-06 12:00 PM",2021,2,6,12,32,93,"Moderate",25,"UG/M3","1 Hr","Valid"
"879","Guangzhou","PM2.5 - Principal","2021-02-06 06:00 PM",2021,2,6,18,31.5,92,"Moderate",30,"UG/M3","1 Hr","Valid"
"885","Guangzhou","PM2.5 - Principal","2021-02-07 12:00 AM",2021,2,7,0,58.8,153,"Unhealthy",66,"UG/M3","1 Hr","Valid"
"891","Guangzhou","PM2.5 - Principal","2021-02-07 06:00 AM",2021,2,7,6,43.5,121,"Unhealthy for Sensitive Groups",43,"UG/M3","1 Hr","Valid"
"897","Guangzhou","PM2.5 - Principal","2021-02-07 12:00 PM",2021,2,7,12,40.5,113,"Unhealthy for Sensitive Groups",39,"UG/M3","1 Hr","Valid"
"903","Guangzhou","PM2.5 - Principal","2021-02-07 06:00 PM",2021,2,7,18,24.1,76,"Moderate",24,"UG/M3","1 Hr","Valid"
"909","Guangzhou","PM2.5 - Principal","2021-02-08 12:00 AM",2021,2,8,0,27.3,83,"Moderate",23,"UG/M3","1 Hr","Valid"
"915","Guangzhou","PM2.5 - Principal","2021-02-08 06:00 AM",2021,2,8,6,29.1,87,"Moderate",30,"UG/M3","1 Hr","Valid"
"921","Guangzhou","PM2.5 - Principal","2021-02-08 12:00 PM",2021,2,8,12,29.4,87,"Moderate",27,"UG/M3","1 Hr","Valid"
"927","Guangzhou","PM2.5 - Principal","2021-02-08 06:00 PM",2021,2,8,18,29.6,88,"Moderate",31,"UG/M3","1 Hr","Valid"
"933","Guangzhou","PM2.5 - Principal","2021-02-09 12:00 AM",2021,2,9,0,22.8,74,"Moderate",21,"UG/M3","1 Hr","Valid"
"939","Guangzhou","PM2.5 - Principal","2021-02-09 06:00 AM",2021,2,9,6,29.2,87,"Moderate",36,"UG/M3","1 Hr","Valid"
"945","Guangzhou","PM2.5 - Principal","2021-02-09 12:00 PM",2021,2,9,12,31.2,91,"Moderate",33,"UG/M3","1 Hr","Valid"
"951","Guangzhou","PM2.5 - Principal","2021-02-09 06:00 PM",2021,2,9,18,24.9,78,"Moderate",20,"UG/M3","1 Hr","Valid"
"957","Guangzhou","PM2.5 - Principal","2021-02-10 12:00 AM",2021,2,10,0,14.4,56,"Moderate",10,"UG/M3","1 Hr","Valid"
"963","Guangzhou","PM2.5 - Principal","2021-02-10 06:00 AM",2021,2,10,6,4.6,19,"Good",2,"UG/M3","1 Hr","Valid"
"969","Guangzhou","PM2.5 - Principal","2021-02-10 12:00 PM",2021,2,10,12,1.1,5,"Good",1,"UG/M3","1 Hr","Valid"
"975","Guangzhou","PM2.5 - Principal","2021-02-10 06:00 PM",2021,2,10,18,0.7,3,"Good",1,"UG/M3","1 Hr","Valid"
"981","Guangzhou","PM2.5 - Principal","2021-02-11 12:00 AM",2021,2,11,0,5.5,23,"Good",7,"UG/M3","1 Hr","Valid"
"987","Guangzhou","PM2.5 - Principal","2021-02-11 06:00 AM",2021,2,11,6,4.2,18,"Good",4,"UG/M3","1 Hr","Valid"
"993","Guangzhou","PM2.5 - Principal","2021-02-11 12:00 PM",2021,2,11,12,5.3,22,"Good",5,"UG/M3","1 Hr","Valid"
"999","Guangzhou","PM2.5 - Principal","2021-02-11 06:00 PM",2021,2,11,18,8.3,35,"Good",10,"UG/M3","1 Hr","Valid"
"1005","Guangzhou","PM2.5 - Principal","2021-02-12 12:00 AM",2021,2,12,0,10.1,42,"Good",9,"UG/M3","1 Hr","Valid"
"1011","Guangzhou","PM2.5 - Principal","2021-02-12 06:00 AM",2021,2,12,6,47.4,130,"Unhealthy for Sensitive Groups",52,"UG/M3","1 Hr","Valid"
"1017","Guangzhou","PM2.5 - Principal","2021-02-12 12:00 PM",2021,2,12,12,12.4,52,"Moderate",9,"UG/M3","1 Hr","Valid"
"1023","Guangzhou","PM2.5 - Principal","2021-02-12 06:00 PM",2021,2,12,18,7.6,32,"Good",10,"UG/M3","1 Hr","Valid"
"1029","Guangzhou","PM2.5 - Principal","2021-02-13 12:00 AM",2021,2,13,0,15.9,59,"Moderate",17,"UG/M3","1 Hr","Valid"
"1035","Guangzhou","PM2.5 - Principal","2021-02-13 06:00 AM",2021,2,13,6,15.7,59,"Moderate",15,"UG/M3","1 Hr","Valid"
"1041","Guangzhou","PM2.5 - Principal","2021-02-13 12:00 PM",2021,2,13,12,16.2,60,"Moderate",18,"UG/M3","1 Hr","Valid"
"1047","Guangzhou","PM2.5 - Principal","2021-02-13 06:00 PM",2021,2,13,18,16.8,61,"Moderate",17,"UG/M3","1 Hr","Valid"
"1053","Guangzhou","PM2.5 - Principal","2021-02-14 12:00 AM",2021,2,14,0,34.1,97,"Moderate",37,"UG/M3","1 Hr","Valid"
"1059","Guangzhou","PM2.5 - Principal","2021-02-14 06:00 AM",2021,2,14,6,50.4,138,"Unhealthy for Sensitive Groups",49,"UG/M3","1 Hr","Valid"
"1065","Guangzhou","PM2.5 - Principal","2021-02-14 12:00 PM",2021,2,14,12,36.4,103,"Unhealthy for Sensitive Groups",37,"UG/M3","1 Hr","Valid"
"1071","Guangzhou","PM2.5 - Principal","2021-02-14 06:00 PM",2021,2,14,18,21.1,70,"Moderate",18,"UG/M3","1 Hr","Valid"
"1077","Guangzhou","PM2.5 - Principal","2021-02-15 12:00 AM",2021,2,15,0,41.3,115,"Unhealthy for Sensitive Groups",48,"UG/M3","1 Hr","Valid"
"1083","Guangzhou","PM2.5 - Principal","2021-02-15 06:00 AM",2021,2,15,6,48.7,134,"Unhealthy for Sensitive Groups",53,"UG/M3","1 Hr","Valid"
"1089","Guangzhou","PM2.5 - Principal","2021-02-15 12:00 PM",2021,2,15,12,39.9,112,"Unhealthy for Sensitive Groups",34,"UG/M3","1 Hr","Valid"
"1095","Guangzhou","PM2.5 - Principal","2021-02-15 06:00 PM",2021,2,15,18,23.5,75,"Moderate",21,"UG/M3","1 Hr","Valid"
"1101","Guangzhou","PM2.5 - Principal","2021-02-16 12:00 AM",2021,2,16,0,20.8,69,"Moderate",19,"UG/M3","1 Hr","Valid"
"1107","Guangzhou","PM2.5 - Principal","2021-02-16 06:00 AM",2021,2,16,6,23.9,76,"Moderate",23,"UG/M3","1 Hr","Valid"
"1113","Guangzhou","PM2.5 - Principal","2021-02-16 12:00 PM",2021,2,16,12,21.4,71,"Moderate",19,"UG/M3","1 Hr","Valid"
"1119","Guangzhou","PM2.5 - Principal","2021-02-16 06:00 PM",2021,2,16,18,20.8,69,"Moderate",18,"UG/M3","1 Hr","Valid"
"1125","Guangzhou","PM2.5 - Principal","2021-02-17 12:00 AM",2021,2,17,0,31.3,91,"Moderate",34,"UG/M3","1 Hr","Valid"
"1131","Guangzhou","PM2.5 - Principal","2021-02-17 06:00 AM",2021,2,17,6,19.3,66,"Moderate",17,"UG/M3","1 Hr","Valid"
"1137","Guangzhou","PM2.5 - Principal","2021-02-17 12:00 PM",2021,2,17,12,7.7,32,"Good",6,"UG/M3","1 Hr","Valid"
"1143","Guangzhou","PM2.5 - Principal","2021-02-17 06:00 PM",2021,2,17,18,18.1,64,"Moderate",24,"UG/M3","1 Hr","Valid"
"1149","Guangzhou","PM2.5 - Principal","2021-02-18 12:00 AM",2021,2,18,0,17.3,62,"Moderate",17,"UG/M3","1 Hr","Valid"
"1155","Guangzhou","PM2.5 - Principal","2021-02-18 06:00 AM",2021,2,18,6,17,61,"Moderate",18,"UG/M3","1 Hr","Valid"
"1161","Guangzhou","PM2.5 - Principal","2021-02-18 12:00 PM",2021,2,18,12,11.5,48,"Good",10,"UG/M3","1 Hr","Valid"
"1167","Guangzhou","PM2.5 - Principal","2021-02-18 06:00 PM",2021,2,18,18,11.3,47,"Good",12,"UG/M3","1 Hr","Valid"
"1173","Guangzhou","PM2.5 - Principal","2021-02-19 12:00 AM",2021,2,19,0,26.2,81,"Moderate",25,"UG/M3","1 Hr","Valid"
"1179","Guangzhou","PM2.5 - Principal","2021-02-19 06:00 AM",2021,2,19,6,34.9,99,"Moderate",35,"UG/M3","1 Hr","Valid"
"1185","Guangzhou","PM2.5 - Principal","2021-02-19 12:00 PM",2021,2,19,12,40,112,"Unhealthy for Sensitive Groups",41,"UG/M3","1 Hr","Valid"
"1191","Guangzhou","PM2.5 - Principal","2021-02-19 06:00 PM",2021,2,19,18,29.9,88,"Moderate",32,"UG/M3","1 Hr","Valid"
"1197","Guangzhou","PM2.5 - Principal","2021-02-20 12:00 AM",2021,2,20,0,46.6,128,"Unhealthy for Sensitive Groups",53,"UG/M3","1 Hr","Valid"
"1203","Guangzhou","PM2.5 - Principal","2021-02-20 06:00 AM",2021,2,20,6,42.7,119,"Unhealthy for Sensitive Groups",42,"UG/M3","1 Hr","Valid"
"1209","Guangzhou","PM2.5 - Principal","2021-02-20 12:00 PM",2021,2,20,12,38.2,108,"Unhealthy for Sensitive Groups",39,"UG/M3","1 Hr","Valid"
"1215","Guangzhou","PM2.5 - Principal","2021-02-20 06:00 PM",2021,2,20,18,38.6,109,"Unhealthy for Sensitive Groups",37,"UG/M3","1 Hr","Valid"
"1221","Guangzhou","PM2.5 - Principal","2021-02-21 12:00 AM",2021,2,21,0,42.3,118,"Unhealthy for Sensitive Groups",42,"UG/M3","1 Hr","Valid"
"1227","Guangzhou","PM2.5 - Principal","2021-02-21 06:00 AM",2021,2,21,6,41.4,116,"Unhealthy for Sensitive Groups",46,"UG/M3","1 Hr","Valid"
"1233","Guangzhou","PM2.5 - Principal","2021-02-21 12:00 PM",2021,2,21,12,37.2,105,"Unhealthy for Sensitive Groups",36,"UG/M3","1 Hr","Valid"
"1239","Guangzhou","PM2.5 - Principal","2021-02-21 06:00 PM",2021,2,21,18,35.8,102,"Unhealthy for Sensitive Groups",33,"UG/M3","1 Hr","Valid"
"1245","Guangzhou","PM2.5 - Principal","2021-02-22 12:00 AM",2021,2,22,0,30.8,90,"Moderate",32,"UG/M3","1 Hr","Valid"
"1251","Guangzhou","PM2.5 - Principal","2021-02-22 06:00 AM",2021,2,22,6,45.2,125,"Unhealthy for Sensitive Groups",48,"UG/M3","1 Hr","Valid"
"1257","Guangzhou","PM2.5 - Principal","2021-02-22 12:00 PM",2021,2,22,12,37.9,107,"Unhealthy for Sensitive Groups",30,"UG/M3","1 Hr","Valid"
"1263","Guangzhou","PM2.5 - Principal","2021-02-22 06:00 PM",2021,2,22,18,36.9,104,"Unhealthy for Sensitive Groups",38,"UG/M3","1 Hr","Valid"
"1269","Guangzhou","PM2.5 - Principal","2021-02-23 12:00 AM",2021,2,23,0,35.9,102,"Unhealthy for Sensitive Groups",34,"UG/M3","1 Hr","Valid"
"1275","Guangzhou","PM2.5 - Principal","2021-02-23 06:00 AM",2021,2,23,6,34.4,98,"Moderate",33,"UG/M3","1 Hr","Valid"
"1281","Guangzhou","PM2.5 - Principal","2021-02-23 12:00 PM",2021,2,23,12,37.9,107,"Unhealthy for Sensitive Groups",40,"UG/M3","1 Hr","Valid"
"1287","Guangzhou","PM2.5 - Principal","2021-02-23 06:00 PM",2021,2,23,18,43.4,120,"Unhealthy for Sensitive Groups",43,"UG/M3","1 Hr","Valid"
"1293","Guangzhou","PM2.5 - Principal","2021-02-24 12:00 AM",2021,2,24,0,27.4,83,"Moderate",28,"UG/M3","1 Hr","Valid"
"1299","Guangzhou","PM2.5 - Principal","2021-02-24 06:00 AM",2021,2,24,6,21.2,70,"Moderate",20,"UG/M3","1 Hr","Valid"
"1305","Guangzhou","PM2.5 - Principal","2021-02-24 12:00 PM",2021,2,24,12,22.7,73,"Moderate",26,"UG/M3","1 Hr","Valid"
"1311","Guangzhou","PM2.5 - Principal","2021-02-24 06:00 PM",2021,2,24,18,24.3,77,"Moderate",26,"UG/M3","1 Hr","Valid"
"1317","Guangzhou","PM2.5 - Principal","2021-02-25 12:00 AM",2021,2,25,0,19.3,66,"Moderate",17,"UG/M3","1 Hr","Valid"
"1323","Guangzhou","PM2.5 - Principal","2021-02-25 06:00 AM",2021,2,25,6,17.8,63,"Moderate",16,"UG/M3","1 Hr","Valid"
"1329","Guangzhou","PM2.5 - Principal","2021-02-25 12:00 PM",2021,2,25,12,19.5,67,"Moderate",15,"UG/M3","1 Hr","Valid"
"1335","Guangzhou","PM2.5 - Principal","2021-02-25 06:00 PM",2021,2,25,18,22.2,72,"Moderate",22,"UG/M3","1 Hr","Valid"
"1341","Guangzhou","PM2.5 - Principal","2021-02-26 12:00 AM",2021,2,26,0,25.7,80,"Moderate",24,"UG/M3","1 Hr","Valid"
"1347","Guangzhou","PM2.5 - Principal","2021-02-26 06:00 AM",2021,2,26,6,18.7,65,"Moderate",20,"UG/M3","1 Hr","Valid"
"1353","Guangzhou","PM2.5 - Principal","2021-02-26 12:00 PM",2021,2,26,12,25.6,79,"Moderate",29,"UG/M3","1 Hr","Valid"
"1359","Guangzhou","PM2.5 - Principal","2021-02-26 06:00 PM",2021,2,26,18,14,55,"Moderate",9,"UG/M3","1 Hr","Valid"
"1365","Guangzhou","PM2.5 - Principal","2021-02-27 12:00 AM",2021,2,27,0,10.8,45,"Good",9,"UG/M3","1 Hr","Valid"
"1371","Guangzhou","PM2.5 - Principal","2021-02-27 06:00 AM",2021,2,27,6,13.8,55,"Moderate",14,"UG/M3","1 Hr","Valid"
"1377","Guangzhou","PM2.5 - Principal","2021-02-27 12:00 PM",2021,2,27,12,10.9,45,"Good",9,"UG/M3","1 Hr","Valid"
"1383","Guangzhou","PM2.5 - Principal","2021-02-27 06:00 PM",2021,2,27,18,17.8,63,"Moderate",17,"UG/M3","1 Hr","Valid"
"1389","Guangzhou","PM2.5 - Principal","2021-02-28 12:00 AM",2021,2,28,0,16.7,61,"Moderate",14,"UG/M3","1 Hr","Valid"
"1395","Guangzhou","PM2.5 - Principal","2021-02-28 06:00 AM",2021,2,28,6,12.7,52,"Moderate",12,"UG/M3","1 Hr","Valid"
"1401","Guangzhou","PM2.5 - Principal","2021-02-28 12:00 PM",2021,2,28,12,19.6,67,"Moderate",21,"UG/M3","1 Hr","Valid"
"1407","Guangzhou","PM2.5 - Principal","2021-02-28 06:00 PM",2021,2,28,18,40.7,114,"Unhealthy for Sensitive Groups",43,"UG/M3","1 Hr","Valid"
"1413","Guangzhou","PM2.5 - Principal","2021-03-01 12:00 AM",2021,3,1,0,53.7,146,"Unhealthy for Sensitive Groups",54,"UG/M3","1 Hr","Valid"
"1419","Guangzhou","PM2.5 - Principal","2021-03-01 06:00 AM",2021,3,1,6,46.3,128,"Unhealthy for Sensitive Groups",38,"UG/M3","1 Hr","Valid"
"1425","Guangzhou","PM2.5 - Principal","2021-03-01 12:00 PM",2021,3,1,12,41.6,116,"Unhealthy for Sensitive Groups",38,"UG/M3","1 Hr","Valid"
"1431","Guangzhou","PM2.5 - Principal","2021-03-01 06:00 PM",2021,3,1,18,43.2,120,"Unhealthy for Sensitive Groups",52,"UG/M3","1 Hr","Valid"
"1437","Guangzhou","PM2.5 - Principal","2021-03-02 12:00 AM",2021,3,2,0,29.3,87,"Moderate",7,"UG/M3","1 Hr","Valid"
"1442","Guangzhou","PM2.5 - Principal","2021-03-02 06:00 AM",2021,3,2,6,1.1,5,"Good",0,"UG/M3","1 Hr","Valid"
"1448","Guangzhou","PM2.5 - Principal","2021-03-02 12:00 PM",2021,3,2,12,5.9,25,"Good",6,"UG/M3","1 Hr","Valid"
"1454","Guangzhou","PM2.5 - Principal","2021-03-02 06:00 PM",2021,3,2,18,11.7,49,"Good",13,"UG/M3","1 Hr","Valid"
"1460","Guangzhou","PM2.5 - Principal","2021-03-03 12:00 AM",2021,3,3,0,13.3,54,"Moderate",15,"UG/M3","1 Hr","Valid"
"1466","Guangzhou","PM2.5 - Principal","2021-03-03 06:00 AM",2021,3,3,6,10.3,43,"Good",11,"UG/M3","1 Hr","Valid"
"1472","Guangzhou","PM2.5 - Principal","2021-03-03 12:00 PM",2021,3,3,12,16.4,60,"Moderate",19,"UG/M3","1 Hr","Valid"
"1478","Guangzhou","PM2.5 - Principal","2021-03-03 06:00 PM",2021,3,3,18,26.4,81,"Moderate",26,"UG/M3","1 Hr","Valid"
"1484","Guangzhou","PM2.5 - Principal","2021-03-04 12:00 AM",2021,3,4,0,33.4,96,"Moderate",34,"UG/M3","1 Hr","Valid"
"1490","Guangzhou","PM2.5 - Principal","2021-03-04 06:00 AM",2021,3,4,6,37.4,106,"Unhealthy for Sensitive Groups",38,"UG/M3","1 Hr","Valid"
"1496","Guangzhou","PM2.5 - Principal","2021-03-04 12:00 PM",2021,3,4,12,38.1,107,"Unhealthy for Sensitive Groups",35,"UG/M3","1 Hr","Valid"
"1502","Guangzhou","PM2.5 - Principal","2021-03-04 06:00 PM",2021,3,4,18,34.3,98,"Moderate",36,"UG/M3","1 Hr","Valid"
"1508","Guangzhou","PM2.5 - Principal","2021-03-05 12:00 AM",2021,3,5,0,39.1,110,"Unhealthy for Sensitive Groups",39,"UG/M3","1 Hr","Valid"
"1514","Guangzhou","PM2.5 - Principal","2021-03-05 06:00 AM",2021,3,5,6,33.7,96,"Moderate",29,"UG/M3","1 Hr","Valid"
"1519","Guangzhou","PM2.5 - Principal","2021-03-05 12:00 PM",2021,3,5,12,44.8,124,"Unhealthy for Sensitive Groups",48,"UG/M3","1 Hr","Valid"
"1525","Guangzhou","PM2.5 - Principal","2021-03-05 06:00 PM",2021,3,5,18,61.6,154,"Unhealthy",55,"UG/M3","1 Hr","Valid"
"1531","Guangzhou","PM2.5 - Principal","2021-03-06 12:00 AM",2021,3,6,0,41.9,117,"Unhealthy for Sensitive Groups",44,"UG/M3","1 Hr","Valid"
"1537","Guangzhou","PM2.5 - Principal","2021-03-06 06:00 AM",2021,3,6,6,43.6,121,"Unhealthy for Sensitive Groups",45,"UG/M3","1 Hr","Valid"
"1543","Guangzhou","PM2.5 - Principal","2021-03-06 12:00 PM",2021,3,6,12,39,110,"Unhealthy for Sensitive Groups",38,"UG/M3","1 Hr","Valid"
"1549","Guangzhou","PM2.5 - Principal","2021-03-06 06:00 PM",2021,3,6,18,21.4,71,"Moderate",25,"UG/M3","1 Hr","Valid"
"1555","Guangzhou","PM2.5 - Principal","2021-03-07 12:00 AM",2021,3,7,0,24.1,76,"Moderate",18,"UG/M3","1 Hr","Valid"
"1561","Guangzhou","PM2.5 - Principal","2021-03-07 06:00 AM",2021,3,7,6,13.5,54,"Moderate",13,"UG/M3","1 Hr","Valid"
"1567","Guangzhou","PM2.5 - Principal","2021-03-07 12:00 PM",2021,3,7,12,10.1,42,"Good",10,"UG/M3","1 Hr","Valid"
"1573","Guangzhou","PM2.5 - Principal","2021-03-07 06:00 PM",2021,3,7,18,12.6,52,"Moderate",15,"UG/M3","1 Hr","Valid"
"1579","Guangzhou","PM2.5 - Principal","2021-03-08 12:00 AM",2021,3,8,0,17.8,63,"Moderate",19,"UG/M3","1 Hr","Valid"
"1585","Guangzhou","PM2.5 - Principal","2021-03-08 06:00 AM",2021,3,8,6,14.4,56,"Moderate",15,"UG/M3","1 Hr","Valid"
"1591","Guangzhou","PM2.5 - Principal","2021-03-08 12:00 PM",2021,3,8,12,19.6,67,"Moderate",21,"UG/M3","1 Hr","Valid"
"1597","Guangzhou","PM2.5 - Principal","2021-03-08 06:00 PM",2021,3,8,18,37.2,105,"Unhealthy for Sensitive Groups",39,"UG/M3","1 Hr","Valid"
"1603","Guangzhou","PM2.5 - Principal","2021-03-09 12:00 AM",2021,3,9,0,48.2,132,"Unhealthy for Sensitive Groups",52,"UG/M3","1 Hr","Valid"
"1609","Guangzhou","PM2.5 - Principal","2021-03-09 06:00 AM",2021,3,9,6,49.1,134,"Unhealthy for Sensitive Groups",50,"UG/M3","1 Hr","Valid"
"1615","Guangzhou","PM2.5 - Principal","2021-03-09 12:00 PM",2021,3,9,12,43.9,122,"Unhealthy for Sensitive Groups",37,"UG/M3","1 Hr","Valid"
"1621","Guangzhou","PM2.5 - Principal","2021-03-09 06:00 PM",2021,3,9,18,40.6,114,"Unhealthy for Sensitive Groups",44,"UG/M3","1 Hr","Valid"
"1627","Guangzhou","PM2.5 - Principal","2021-03-10 12:00 AM",2021,3,10,0,48,132,"Unhealthy for Sensitive Groups",44,"UG/M3","1 Hr","Valid"
"1633","Guangzhou","PM2.5 - Principal","2021-03-10 06:00 AM",2021,3,10,6,33.5,96,"Moderate",31,"UG/M3","1 Hr","Valid"
"1639","Guangzhou","PM2.5 - Principal","2021-03-10 12:00 PM",2021,3,10,12,41.2,115,"Unhealthy for Sensitive Groups",35,"UG/M3","1 Hr","Valid"
"1645","Guangzhou","PM2.5 - Principal","2021-03-10 06:00 PM",2021,3,10,18,34.2,97,"Moderate",34,"UG/M3","1 Hr","Valid"
"1651","Guangzhou","PM2.5 - Principal","2021-03-11 12:00 AM",2021,3,11,0,26,80,"Moderate",23,"UG/M3","1 Hr","Valid"
"1657","Guangzhou","PM2.5 - Principal","2021-03-11 06:00 AM",2021,3,11,6,19.8,67,"Moderate",17,"UG/M3","1 Hr","Valid"
"1663","Guangzhou","PM2.5 - Principal","2021-03-11 12:00 PM",2021,3,11,12,21.5,71,"Moderate",24,"UG/M3","1 Hr","Valid"
"1669","Guangzhou","PM2.5 - Principal","2021-03-11 06:00 PM",2021,3,11,18,30.8,90,"Moderate",32,"UG/M3","1 Hr","Valid"
"1675","Guangzhou","PM2.5 - Principal","2021-03-12 12:00 AM",2021,3,12,0,53.5,145,"Unhealthy for Sensitive Groups",52,"UG/M3","1 Hr","Valid"
"1681","Guangzhou","PM2.5 - Principal","2021-03-12 06:00 AM",2021,3,12,6,47.7,131,"Unhealthy for Sensitive Groups",38,"UG/M3","1 Hr","Valid"
"1687","Guangzhou","PM2.5 - Principal","2021-03-12 12:00 PM",2021,3,12,12,80.5,164,"Unhealthy",97,"UG/M3","1 Hr","Valid"
"1693","Guangzhou","PM2.5 - Principal","2021-03-12 06:00 PM",2021,3,12,18,47.2,130,"Unhealthy for Sensitive Groups",50,"UG/M3","1 Hr","Valid"
"1699","Guangzhou","PM2.5 - Principal","2021-03-13 12:00 AM",2021,3,13,0,32.7,94,"Moderate",33,"UG/M3","1 Hr","Valid"
"1705","Guangzhou","PM2.5 - Principal","2021-03-13 06:00 AM",2021,3,13,6,21.7,71,"Moderate",22,"UG/M3","1 Hr","Valid"
"1711","Guangzhou","PM2.5 - Principal","2021-03-13 12:00 PM",2021,3,13,12,30.5,90,"Moderate",35,"UG/M3","1 Hr","Valid"
"1717","Guangzhou","PM2.5 - Principal","2021-03-13 06:00 PM",2021,3,13,18,43.1,120,"Unhealthy for Sensitive Groups",44,"UG/M3","1 Hr","Valid"
"1723","Guangzhou","PM2.5 - Principal","2021-03-14 12:00 AM",2021,3,14,0,75.7,161,"Unhealthy",81,"UG/M3","1 Hr","Valid"
"1729","Guangzhou","PM2.5 - Principal","2021-03-14 06:00 AM",2021,3,14,6,40.7,114,"Unhealthy for Sensitive Groups",32,"UG/M3","1 Hr","Valid"
"1735","Guangzhou","PM2.5 - Principal","2021-03-14 12:00 PM",2021,3,14,12,43.8,121,"Unhealthy for Sensitive Groups",47,"UG/M3","1 Hr","Valid"
"1741","Guangzhou","PM2.5 - Principal","2021-03-14 06:00 PM",2021,3,14,18,45.3,125,"Unhealthy for Sensitive Groups",42,"UG/M3","1 Hr","Valid"
"1747","Guangzhou","PM2.5 - Principal","2021-03-15 12:00 AM",2021,3,15,0,46.7,129,"Unhealthy for Sensitive Groups",44,"UG/M3","1 Hr","Valid"
"1753","Guangzhou","PM2.5 - Principal","2021-03-15 06:00 AM",2021,3,15,6,40.3,113,"Unhealthy for Sensitive Groups",35,"UG/M3","1 Hr","Valid"
"1759","Guangzhou","PM2.5 - Principal","2021-03-15 12:00 PM",2021,3,15,12,28,84,"Moderate",26,"UG/M3","1 Hr","Valid"
"1765","Guangzhou","PM2.5 - Principal","2021-03-15 06:00 PM",2021,3,15,18,28.5,85,"Moderate",30,"UG/M3","1 Hr","Valid"
"1771","Guangzhou","PM2.5 - Principal","2021-03-16 12:00 AM",2021,3,16,0,25.3,79,"Moderate",23,"UG/M3","1 Hr","Valid"
"1777","Guangzhou","PM2.5 - Principal","2021-03-16 06:00 AM",2021,3,16,6,23.9,76,"Moderate",27,"UG/M3","1 Hr","Valid"
"1783","Guangzhou","PM2.5 - Principal","2021-03-16 12:00 PM",2021,3,16,12,35.2,100,"Moderate",38,"UG/M3","1 Hr","Valid"
"1789","Guangzhou","PM2.5 - Principal","2021-03-16 06:00 PM",2021,3,16,18,42.5,118,"Unhealthy for Sensitive Groups",44,"UG/M3","1 Hr","Valid"
"1795","Guangzhou","PM2.5 - Principal","2021-03-17 12:00 AM",2021,3,17,0,35.2,100,"Moderate",36,"UG/M3","1 Hr","Valid"
"1801","Guangzhou","PM2.5 - Principal","2021-03-17 06:00 AM",2021,3,17,6,37.8,107,"Unhealthy for Sensitive Groups",41,"UG/M3","1 Hr","Valid"
"1807","Guangzhou","PM2.5 - Principal","2021-03-17 12:00 PM",2021,3,17,12,27.2,83,"Moderate",18,"UG/M3","1 Hr","Valid"
"1813","Guangzhou","PM2.5 - Principal","2021-03-17 06:00 PM",2021,3,17,18,24.4,77,"Moderate",20,"UG/M3","1 Hr","Valid"
"1819","Guangzhou","PM2.5 - Principal","2021-03-18 12:00 AM",2021,3,18,0,19.5,67,"Moderate",17,"UG/M3","1 Hr","Valid"
"1825","Guangzhou","PM2.5 - Principal","2021-03-18 06:00 AM",2021,3,18,6,26.4,81,"Moderate",28,"UG/M3","1 Hr","Valid"
"1831","Guangzhou","PM2.5 - Principal","2021-03-18 12:00 PM",2021,3,18,12,27.1,83,"Moderate",26,"UG/M3","1 Hr","Valid"
"1837","Guangzhou","PM2.5 - Principal","2021-03-18 06:00 PM",2021,3,18,18,26.7,82,"Moderate",23,"UG/M3","1 Hr","Valid"
"1843","Guangzhou","PM2.5 - Principal","2021-03-19 12:00 AM",2021,3,19,0,21.1,70,"Moderate",21,"UG/M3","1 Hr","Valid"
"1849","Guangzhou","PM2.5 - Principal","2021-03-19 06:00 AM",2021,3,19,6,15.7,59,"Moderate",16,"UG/M3","1 Hr","Valid"
"1855","Guangzhou","PM2.5 - Principal","2021-03-19 12:00 PM",2021,3,19,12,17.7,63,"Moderate",17,"UG/M3","1 Hr","Valid"
"1861","Guangzhou","PM2.5 - Principal","2021-03-19 06:00 PM",2021,3,19,18,17.9,63,"Moderate",14,"UG/M3","1 Hr","Valid"
"1867","Guangzhou","PM2.5 - Principal","2021-03-20 12:00 AM",2021,3,20,0,19.3,66,"Moderate",19,"UG/M3","1 Hr","Valid"
"1873","Guangzhou","PM2.5 - Principal","2021-03-20 06:00 AM",2021,3,20,6,19.1,66,"Moderate",20,"UG/M3","1 Hr","Valid"
"1879","Guangzhou","PM2.5 - Principal","2021-03-20 12:00 PM",2021,3,20,12,23,74,"Moderate",19,"UG/M3","1 Hr","Valid"
"1885","Guangzhou","PM2.5 - Principal","2021-03-20 06:00 PM",2021,3,20,18,33.7,96,"Moderate",34,"UG/M3","1 Hr","Valid"
"1891","Guangzhou","PM2.5 - Principal","2021-03-21 12:00 AM",2021,3,21,0,40,112,"Unhealthy for Sensitive Groups",39,"UG/M3","1 Hr","Valid"
"1897","Guangzhou","PM2.5 - Principal","2021-03-21 06:00 AM",2021,3,21,6,21.1,70,"Moderate",17,"UG/M3","1 Hr","Valid"
"1903","Guangzhou","PM2.5 - Principal","2021-03-21 12:00 PM",2021,3,21,12,13.3,54,"Moderate",11,"UG/M3","1 Hr","Valid"
"1909","Guangzhou","PM2.5 - Principal","2021-03-21 06:00 PM",2021,3,21,18,9.4,39,"Good",9,"UG/M3","1 Hr","Valid"
"1915","Guangzhou","PM2.5 - Principal","2021-03-22 12:00 AM",2021,3,22,0,11.7,49,"Good",9,"UG/M3","1 Hr","Valid"
"1921","Guangzhou","PM2.5 - Principal","2021-03-22 06:00 AM",2021,3,22,6,33.4,96,"Moderate",36,"UG/M3","1 Hr","Valid"
"1927","Guangzhou","PM2.5 - Principal","2021-03-22 12:00 PM",2021,3,22,12,30.9,91,"Moderate",29,"UG/M3","1 Hr","Valid"
"1933","Guangzhou","PM2.5 - Principal","2021-03-22 06:00 PM",2021,3,22,18,34.5,98,"Moderate",39,"UG/M3","1 Hr","Valid"
"1939","Guangzhou","PM2.5 - Principal","2021-03-23 12:00 AM",2021,3,23,0,34.8,99,"Moderate",32,"UG/M3","1 Hr","Valid"
"1945","Guangzhou","PM2.5 - Principal","2021-03-23 06:00 AM",2021,3,23,6,37.7,106,"Unhealthy for Sensitive Groups",39,"UG/M3","1 Hr","Valid"
"1951","Guangzhou","PM2.5 - Principal","2021-03-23 12:00 PM",2021,3,23,12,35.8,102,"Unhealthy for Sensitive Groups",35,"UG/M3","1 Hr","Valid"
"1957","Guangzhou","PM2.5 - Principal","2021-03-23 06:00 PM",2021,3,23,18,38.1,107,"Unhealthy for Sensitive Groups",40,"UG/M3","1 Hr","Valid"
"1963","Guangzhou","PM2.5 - Principal","2021-03-24 12:00 AM",2021,3,24,0,48.7,134,"Unhealthy for Sensitive Groups",48,"UG/M3","1 Hr","Valid"
"1969","Guangzhou","PM2.5 - Principal","2021-03-24 06:00 AM",2021,3,24,6,41.7,116,"Unhealthy for Sensitive Groups",41,"UG/M3","1 Hr","Valid"
"1975","Guangzhou","PM2.5 - Principal","2021-03-24 12:00 PM",2021,3,24,12,39.9,112,"Unhealthy for Sensitive Groups",38,"UG/M3","1 Hr","Valid"
"1981","Guangzhou","PM2.5 - Principal","2021-03-24 06:00 PM",2021,3,24,18,35,99,"Moderate",29,"UG/M3","1 Hr","Valid"
"1987","Guangzhou","PM2.5 - Principal","2021-03-25 12:00 AM",2021,3,25,0,80.1,164,"Unhealthy",85,"UG/M3","1 Hr","Valid"
"1993","Guangzhou","PM2.5 - Principal","2021-03-25 06:00 AM",2021,3,25,6,80.7,164,"Unhealthy",78,"UG/M3","1 Hr","Valid"
"1999","Guangzhou","PM2.5 - Principal","2021-03-25 12:00 PM",2021,3,25,12,57.1,152,"Unhealthy",55,"UG/M3","1 Hr","Valid"
"2005","Guangzhou","PM2.5 - Principal","2021-03-25 06:00 PM",2021,3,25,18,44.5,123,"Unhealthy for Sensitive Groups",47,"UG/M3","1 Hr","Valid"
"2011","Guangzhou","PM2.5 - Principal","2021-03-26 12:00 AM",2021,3,26,0,40.4,113,"Unhealthy for Sensitive Groups",39,"UG/M3","1 Hr","Valid"
"2017","Guangzhou","PM2.5 - Principal","2021-03-26 06:00 AM",2021,3,26,6,25.3,79,"Moderate",20,"UG/M3","1 Hr","Valid"
"2023","Guangzhou","PM2.5 - Principal","2021-03-26 12:00 PM",2021,3,26,12,17.5,62,"Moderate",17,"UG/M3","1 Hr","Valid"
"2029","Guangzhou","PM2.5 - Principal","2021-03-26 06:00 PM",2021,3,26,18,23.5,75,"Moderate",27,"UG/M3","1 Hr","Valid"
"2035","Guangzhou","PM2.5 - Principal","2021-03-27 12:00 AM",2021,3,27,0,23.3,75,"Moderate",19,"UG/M3","1 Hr","Valid"
"2041","Guangzhou","PM2.5 - Principal","2021-03-27 06:00 AM",2021,3,27,6,26.2,81,"Moderate",26,"UG/M3","1 Hr","Valid"
"2047","Guangzhou","PM2.5 - Principal","2021-03-27 12:00 PM",2021,3,27,12,35.3,100,"Moderate",36,"UG/M3","1 Hr","Valid"
"2053","Guangzhou","PM2.5 - Principal","2021-03-27 06:00 PM",2021,3,27,18,28.4,85,"Moderate",24,"UG/M3","1 Hr","Valid"
"2059","Guangzhou","PM2.5 - Principal","2021-03-28 12:00 AM",2021,3,28,0,32.9,95,"Moderate",32,"UG/M3","1 Hr","Valid"
"2065","Guangzhou","PM2.5 - Principal","2021-03-28 06:00 AM",2021,3,28,6,33.4,96,"Moderate",32,"UG/M3","1 Hr","Valid"
"2071","Guangzhou","PM2.5 - Principal","2021-03-28 12:00 PM",2021,3,28,12,33.3,96,"Moderate",31,"UG/M3","1 Hr","Valid"
"2077","Guangzhou","PM2.5 - Principal","2021-03-28 06:00 PM",2021,3,28,18,35.7,101,"Unhealthy for Sensitive Groups",42,"UG/M3","1 Hr","Valid"
"2083","Guangzhou","PM2.5 - Principal","2021-03-29 12:00 AM",2021,3,29,0,26.6,81,"Moderate",23,"UG/M3","1 Hr","Valid"
"2089","Guangzhou","PM2.5 - Principal","2021-03-29 06:00 AM",2021,3,29,6,17.6,63,"Moderate",16,"UG/M3","1 Hr","Valid"
"2094","Guangzhou","PM2.5 - Principal","2021-03-29 12:00 PM",2021,3,29,12,21,70,"Moderate",23,"UG/M3","1 Hr","Valid"
"2100","Guangzhou","PM2.5 - Principal","2021-03-29 06:00 PM",2021,3,29,18,23.2,74,"Moderate",22,"UG/M3","1 Hr","Valid"
"2106","Guangzhou","PM2.5 - Principal","2021-03-30 12:00 AM",2021,3,30,0,14.8,57,"Moderate",16,"UG/M3","1 Hr","Valid"
"2112","Guangzhou","PM2.5 - Principal","2021-03-30 06:00 AM",2021,3,30,6,13.1,53,"Moderate",14,"UG/M3","1 Hr","Valid"
"2118","Guangzhou","PM2.5 - Principal","2021-03-30 12:00 PM",2021,3,30,12,16.5,60,"Moderate",18,"UG/M3","1 Hr","Valid"
"2124","Guangzhou","PM2.5 - Principal","2021-03-30 06:00 PM",2021,3,30,18,17.3,62,"Moderate",18,"UG/M3","1 Hr","Valid"
"2130","Guangzhou","PM2.5 - Principal","2021-03-31 12:00 AM",2021,3,31,0,17.2,62,"Moderate",14,"UG/M3","1 Hr","Valid"
"2136","Guangzhou","PM2.5 - Principal","2021-03-31 06:00 AM",2021,3,31,6,10.4,43,"Good",9,"UG/M3","1 Hr","Valid"
"2142","Guangzhou","PM2.5 - Principal","2021-03-31 12:00 PM",2021,3,31,12,14.1,55,"Moderate",16,"UG/M3","1 Hr","Valid"
"2148","Guangzhou","PM2.5 - Principal","2021-03-31 06:00 PM",2021,3,31,18,13.5,54,"Moderate",15,"UG/M3","1 Hr","Valid"
"2154","Guangzhou","PM2.5 - Principal","2021-04-01 12:00 AM",2021,4,1,0,13.6,54,"Moderate",15,"UG/M3","1 Hr","Valid"
"2160","Guangzhou","PM2.5 - Principal","2021-04-01 06:00 AM",2021,4,1,6,12.2,51,"Moderate",15,"UG/M3","1 Hr","Valid"
"2166","Guangzhou","PM2.5 - Principal","2021-04-01 12:00 PM",2021,4,1,12,12.8,52,"Moderate",13,"UG/M3","1 Hr","Valid"
"2172","Guangzhou","PM2.5 - Principal","2021-04-01 06:00 PM",2021,4,1,18,15.7,59,"Moderate",18,"UG/M3","1 Hr","Valid"
"2178","Guangzhou","PM2.5 - Principal","2021-04-02 12:00 AM",2021,4,2,0,16.6,60,"Moderate",17,"UG/M3","1 Hr","Valid"
"2184","Guangzhou","PM2.5 - Principal","2021-04-02 06:00 AM",2021,4,2,6,16,59,"Moderate",16,"UG/M3","1 Hr","Valid"
"2190","Guangzhou","PM2.5 - Principal","2021-04-02 12:00 PM",2021,4,2,12,17.1,62,"Moderate",18,"UG/M3","1 Hr","Valid"
"2196","Guangzhou","PM2.5 - Principal","2021-04-02 06:00 PM",2021,4,2,18,17.6,63,"Moderate",18,"UG/M3","1 Hr","Valid"
"2202","Guangzhou","PM2.5 - Principal","2021-04-03 12:00 AM",2021,4,3,0,18.3,64,"Moderate",17,"UG/M3","1 Hr","Valid"
"2208","Guangzhou","PM2.5 - Principal","2021-04-03 06:00 AM",2021,4,3,6,21.6,71,"Moderate",21,"UG/M3","1 Hr","Valid"
"2214","Guangzhou","PM2.5 - Principal","2021-04-03 12:00 PM",2021,4,3,12,19.1,66,"Moderate",18,"UG/M3","1 Hr","Valid"
"2220","Guangzhou","PM2.5 - Principal","2021-04-03 06:00 PM",2021,4,3,18,21.9,72,"Moderate",17,"UG/M3","1 Hr","Valid"
"2226","Guangzhou","PM2.5 - Principal","2021-04-04 12:00 AM",2021,4,4,0,24.9,78,"Moderate",28,"UG/M3","1 Hr","Valid"
"2232","Guangzhou","PM2.5 - Principal","2021-04-04 06:00 AM",2021,4,4,6,27.8,84,"Moderate",27,"UG/M3","1 Hr","Valid"
"2238","Guangzhou","PM2.5 - Principal","2021-04-04 12:00 PM",2021,4,4,12,17.7,63,"Moderate",16,"UG/M3","1 Hr","Valid"
"2244","Guangzhou","PM2.5 - Principal","2021-04-04 06:00 PM",2021,4,4,18,21.6,71,"Moderate",22,"UG/M3","1 Hr","Valid"
"2250","Guangzhou","PM2.5 - Principal","2021-04-05 12:00 AM",2021,4,5,0,26,80,"Moderate",26,"UG/M3","1 Hr","Valid"
"2256","Guangzhou","PM2.5 - Principal","2021-04-05 06:00 AM",2021,4,5,6,21,70,"Moderate",20,"UG/M3","1 Hr","Valid"
"2262","Guangzhou","PM2.5 - Principal","2021-04-05 12:00 PM",2021,4,5,12,25.8,80,"Moderate",24,"UG/M3","1 Hr","Valid"
"2268","Guangzhou","PM2.5 - Principal","2021-04-05 06:00 PM",2021,4,5,18,31.3,91,"Moderate",34,"UG/M3","1 Hr","Valid"
"2274","Guangzhou","PM2.5 - Principal","2021-04-06 12:00 AM",2021,4,6,0,34.3,98,"Moderate",34,"UG/M3","1 Hr","Valid"
"2280","Guangzhou","PM2.5 - Principal","2021-04-06 06:00 AM",2021,4,6,6,35.3,100,"Moderate",33,"UG/M3","1 Hr","Valid"
"2286","Guangzhou","PM2.5 - Principal","2021-04-06 12:00 PM",2021,4,6,12,41.9,117,"Unhealthy for Sensitive Groups",44,"UG/M3","1 Hr","Valid"
"2292","Guangzhou","PM2.5 - Principal","2021-04-06 06:00 PM",2021,4,6,18,48,132,"Unhealthy for Sensitive Groups",46,"UG/M3","1 Hr","Valid"
"2298","Guangzhou","PM2.5 - Principal","2021-04-07 12:00 AM",2021,4,7,0,50.5,138,"Unhealthy for Sensitive Groups",49,"UG/M3","1 Hr","Valid"
"2304","Guangzhou","PM2.5 - Principal","2021-04-07 06:00 AM",2021,4,7,6,47,129,"Unhealthy for Sensitive Groups",44,"UG/M3","1 Hr","Valid"
"2310","Guangzhou","PM2.5 - Principal","2021-04-07 12:00 PM",2021,4,7,12,34,97,"Moderate",34,"UG/M3","1 Hr","Valid"
"2316","Guangzhou","PM2.5 - Principal","2021-04-07 06:00 PM",2021,4,7,18,25.8,80,"Moderate",26,"UG/M3","1 Hr","Valid"
"2322","Guangzhou","PM2.5 - Principal","2021-04-08 12:00 AM",2021,4,8,0,24.6,77,"Moderate",26,"UG/M3","1 Hr","Valid"
"2328","Guangzhou","PM2.5 - Principal","2021-04-08 06:00 AM",2021,4,8,6,16.3,60,"Moderate",16,"UG/M3","1 Hr","Valid"
"2334","Guangzhou","PM2.5 - Principal","2021-04-08 12:00 PM",2021,4,8,12,22,72,"Moderate",24,"UG/M3","1 Hr","Valid"
"2340","Guangzhou","PM2.5 - Principal","2021-04-08 06:00 PM",2021,4,8,18,9.2,38,"Good",10,"UG/M3","1 Hr","Valid"
"2346","Guangzhou","PM2.5 - Principal","2021-04-09 12:00 AM",2021,4,9,0,9.1,38,"Good",8,"UG/M3","1 Hr","Valid"
"2352","Guangzhou","PM2.5 - Principal","2021-04-09 06:00 AM",2021,4,9,6,14.7,56,"Moderate",18,"UG/M3","1 Hr","Valid"
"2358","Guangzhou","PM2.5 - Principal","2021-04-09 12:00 PM",2021,4,9,12,21.2,70,"Moderate",20,"UG/M3","1 Hr","Valid"
"2364","Guangzhou","PM2.5 - Principal","2021-04-09 06:00 PM",2021,4,9,18,21,70,"Moderate",23,"UG/M3","1 Hr","Valid"
"2370","Guangzhou","PM2.5 - Principal","2021-04-10 12:00 AM",2021,4,10,0,24.2,76,"Moderate",26,"UG/M3","1 Hr","Valid"
"2376","Guangzhou","PM2.5 - Principal","2021-04-10 06:00 AM",2021,4,10,6,21.2,70,"Moderate",22,"UG/M3","1 Hr","Valid"
"2382","Guangzhou","PM2.5 - Principal","2021-04-10 12:00 PM",2021,4,10,12,38.7,109,"Unhealthy for Sensitive Groups",42,"UG/M3","1 Hr","Valid"
"2388","Guangzhou","PM2.5 - Principal","2021-04-10 06:00 PM",2021,4,10,18,49.1,134,"Unhealthy for Sensitive Groups",53,"UG/M3","1 Hr","Valid"
"2394","Guangzhou","PM2.5 - Principal","2021-04-11 12:00 AM",2021,4,11,0,42.5,118,"Unhealthy for Sensitive Groups",32,"UG/M3","1 Hr","Valid"
"2400","Guangzhou","PM2.5 - Principal","2021-04-11 06:00 AM",2021,4,11,6,19.9,67,"Moderate",18,"UG/M3","1 Hr","Valid"
"2406","Guangzhou","PM2.5 - Principal","2021-04-11 12:00 PM",2021,4,11,12,26.8,82,"Moderate",26,"UG/M3","1 Hr","Valid"
"2412","Guangzhou","PM2.5 - Principal","2021-04-11 06:00 PM",2021,4,11,18,11.9,50,"Good",12,"UG/M3","1 Hr","Valid"
"2418","Guangzhou","PM2.5 - Principal","2021-04-12 12:00 AM",2021,4,12,0,18.7,65,"Moderate",17,"UG/M3","1 Hr","Valid"
"2424","Guangzhou","PM2.5 - Principal","2021-04-12 06:00 AM",2021,4,12,6,17.6,63,"Moderate",17,"UG/M3","1 Hr","Valid"
"2430","Guangzhou","PM2.5 - Principal","2021-04-12 12:00 PM",2021,4,12,12,19.5,67,"Moderate",17,"UG/M3","1 Hr","Valid"
"2436","Guangzhou","PM2.5 - Principal","2021-04-12 06:00 PM",2021,4,12,18,21.5,71,"Moderate",21,"UG/M3","1 Hr","Valid"
"2442","Guangzhou","PM2.5 - Principal","2021-04-13 12:00 AM",2021,4,13,0,16,59,"Moderate",15,"UG/M3","1 Hr","Valid"
"2448","Guangzhou","PM2.5 - Principal","2021-04-13 06:00 AM",2021,4,13,6,14.4,56,"Moderate",16,"UG/M3","1 Hr","Valid"
"2454","Guangzhou","PM2.5 - Principal","2021-04-13 12:00 PM",2021,4,13,12,24.9,78,"Moderate",26,"UG/M3","1 Hr","Valid"
"2460","Guangzhou","PM2.5 - Principal","2021-04-13 06:00 PM",2021,4,13,18,26.6,81,"Moderate",25,"UG/M3","1 Hr","Valid"
"2466","Guangzhou","PM2.5 - Principal","2021-04-14 12:00 AM",2021,4,14,0,20.3,68,"Moderate",19,"UG/M3","1 Hr","Valid"
"2472","Guangzhou","PM2.5 - Principal","2021-04-14 06:00 AM",2021,4,14,6,17.7,63,"Moderate",16,"UG/M3","1 Hr","Valid"
"2478","Guangzhou","PM2.5 - Principal","2021-04-14 12:00 PM",2021,4,14,12,14,55,"Moderate",14,"UG/M3","1 Hr","Valid"
"2484","Guangzhou","PM2.5 - Principal","2021-04-14 06:00 PM",2021,4,14,18,11.1,46,"Good",10,"UG/M3","1 Hr","Valid"
"2490","Guangzhou","PM2.5 - Principal","2021-04-15 12:00 AM",2021,4,15,0,14.7,56,"Moderate",13,"UG/M3","1 Hr","Valid"
"2496","Guangzhou","PM2.5 - Principal","2021-04-15 06:00 AM",2021,4,15,6,14.9,57,"Moderate",13,"UG/M3","1 Hr","Valid"
"2502","Guangzhou","PM2.5 - Principal","2021-04-15 12:00 PM",2021,4,15,12,12.8,52,"Moderate",13,"UG/M3","1 Hr","Valid"
"2508","Guangzhou","PM2.5 - Principal","2021-04-15 06:00 PM",2021,4,15,18,16.8,61,"Moderate",19,"UG/M3","1 Hr","Valid"
"2514","Guangzhou","PM2.5 - Principal","2021-04-16 12:00 AM",2021,4,16,0,29,87,"Moderate",34,"UG/M3","1 Hr","Valid"
"2520","Guangzhou","PM2.5 - Principal","2021-04-16 06:00 AM",2021,4,16,6,35.9,102,"Unhealthy for Sensitive Groups",36,"UG/M3","1 Hr","Valid"
"2526","Guangzhou","PM2.5 - Principal","2021-04-16 12:00 PM",2021,4,16,12,37.7,106,"Unhealthy for Sensitive Groups",38,"UG/M3","1 Hr","Valid"
"2532","Guangzhou","PM2.5 - Principal","2021-04-16 06:00 PM",2021,4,16,18,5.2,22,"Good",1,"UG/M3","1 Hr","Valid"
"2538","Guangzhou","PM2.5 - Principal","2021-04-17 12:00 AM",2021,4,17,0,11.1,46,"Good",10,"UG/M3","1 Hr","Valid"
"2544","Guangzhou","PM2.5 - Principal","2021-04-17 06:00 AM",2021,4,17,6,4.1,17,"Good",4,"UG/M3","1 Hr","Valid"
"2550","Guangzhou","PM2.5 - Principal","2021-04-17 12:00 PM",2021,4,17,12,8.9,37,"Good",9,"UG/M3","1 Hr","Valid"
"2556","Guangzhou","PM2.5 - Principal","2021-04-17 06:00 PM",2021,4,17,18,21.5,71,"Moderate",21,"UG/M3","1 Hr","Valid"
"2562","Guangzhou","PM2.5 - Principal","2021-04-18 12:00 AM",2021,4,18,0,22.3,72,"Moderate",20,"UG/M3","1 Hr","Valid"
"2568","Guangzhou","PM2.5 - Principal","2021-04-18 06:00 AM",2021,4,18,6,21.1,70,"Moderate",20,"UG/M3","1 Hr","Valid"
"2574","Guangzhou","PM2.5 - Principal","2021-04-18 12:00 PM",2021,4,18,12,33.4,96,"Moderate",35,"UG/M3","1 Hr","Valid"
"2580","Guangzhou","PM2.5 - Principal","2021-04-18 06:00 PM",2021,4,18,18,41.5,116,"Unhealthy for Sensitive Groups",37,"UG/M3","1 Hr","Valid"
"2586","Guangzhou","PM2.5 - Principal","2021-04-19 12:00 AM",2021,4,19,0,45.5,126,"Unhealthy for Sensitive Groups",48,"UG/M3","1 Hr","Valid"
"2592","Guangzhou","PM2.5 - Principal","2021-04-19 06:00 AM",2021,4,19,6,43.3,120,"Unhealthy for Sensitive Groups",44,"UG/M3","1 Hr","Valid"
"2598","Guangzhou","PM2.5 - Principal","2021-04-19 12:00 PM",2021,4,19,12,46.5,128,"Unhealthy for Sensitive Groups",51,"UG/M3","1 Hr","Valid"
"2604","Guangzhou","PM2.5 - Principal","2021-04-19 06:00 PM",2021,4,19,18,48.7,134,"Unhealthy for Sensitive Groups",48,"UG/M3","1 Hr","Valid"
"2610","Guangzhou","PM2.5 - Principal","2021-04-20 12:00 AM",2021,4,20,0,36.6,104,"Unhealthy for Sensitive Groups",32,"UG/M3","1 Hr","Valid"
"2616","Guangzhou","PM2.5 - Principal","2021-04-20 06:00 AM",2021,4,20,6,30.1,89,"Moderate",30,"UG/M3","1 Hr","Valid"
"2622","Guangzhou","PM2.5 - Principal","2021-04-20 12:00 PM",2021,4,20,12,43.7,121,"Unhealthy for Sensitive Groups",48,"UG/M3","1 Hr","Valid"
"2628","Guangzhou","PM2.5 - Principal","2021-04-20 06:00 PM",2021,4,20,18,50.3,137,"Unhealthy for Sensitive Groups",53,"UG/M3","1 Hr","Valid"
"2634","Guangzhou","PM2.5 - Principal","2021-04-21 12:00 AM",2021,4,21,0,47.1,130,"Unhealthy for Sensitive Groups",41,"UG/M3","1 Hr","Valid"
"2640","Guangzhou","PM2.5 - Principal","2021-04-21 06:00 AM",2021,4,21,6,36.2,103,"Unhealthy for Sensitive Groups",41,"UG/M3","1 Hr","Valid"
"2646","Guangzhou","PM2.5 - Principal","2021-04-21 12:00 PM",2021,4,21,12,27.4,83,"Moderate",30,"UG/M3","1 Hr","Valid"
"2652","Guangzhou","PM2.5 - Principal","2021-04-21 06:00 PM",2021,4,21,18,37.8,107,"Unhealthy for Sensitive Groups",37,"UG/M3","1 Hr","Valid"
"2658","Guangzhou","PM2.5 - Principal","2021-04-22 12:00 AM",2021,4,22,0,32.4,94,"Moderate",31,"UG/M3","1 Hr","Valid"
"2664","Guangzhou","PM2.5 - Principal","2021-04-22 06:00 AM",2021,4,22,6,25.9,80,"Moderate",26,"UG/M3","1 Hr","Valid"
"2670","Guangzhou","PM2.5 - Principal","2021-04-22 12:00 PM",2021,4,22,12,31,91,"Moderate",30,"UG/M3","1 Hr","Valid"
"2676","Guangzhou","PM2.5 - Principal","2021-04-22 06:00 PM",2021,4,22,18,42,117,"Unhealthy for Sensitive Groups",45,"UG/M3","1 Hr","Valid"
"2682","Guangzhou","PM2.5 - Principal","2021-04-23 12:00 AM",2021,4,23,0,37.2,105,"Unhealthy for Sensitive Groups",29,"UG/M3","1 Hr","Valid"
"2688","Guangzhou","PM2.5 - Principal","2021-04-23 06:00 AM",2021,4,23,6,28.2,85,"Moderate",31,"UG/M3","1 Hr","Valid"
"2694","Guangzhou","PM2.5 - Principal","2021-04-23 12:00 PM",2021,4,23,12,38.8,109,"Unhealthy for Sensitive Groups",40,"UG/M3","1 Hr","Valid"
"2700","Guangzhou","PM2.5 - Principal","2021-04-23 06:00 PM",2021,4,23,18,41.1,115,"Unhealthy for Sensitive Groups",41,"UG/M3","1 Hr","Valid"
"2706","Guangzhou","PM2.5 - Principal","2021-04-24 12:00 AM",2021,4,24,0,36.9,104,"Unhealthy for Sensitive Groups",32,"UG/M3","1 Hr","Valid"
"2712","Guangzhou","PM2.5 - Principal","2021-04-24 06:00 AM",2021,4,24,6,15.6,58,"Moderate",13,"UG/M3","1 Hr","Valid"
"2718","Guangzhou","PM2.5 - Principal","2021-04-24 12:00 PM",2021,4,24,12,14.8,57,"Moderate",14,"UG/M3","1 Hr","Valid"
"2724","Guangzhou","PM2.5 - Principal","2021-04-24 06:00 PM",2021,4,24,18,18.5,64,"Moderate",18,"UG/M3","1 Hr","Valid"
"2730","Guangzhou","PM2.5 - Principal","2021-04-25 12:00 AM",2021,4,25,0,18.1,64,"Moderate",17,"UG/M3","1 Hr","Valid"
"2736","Guangzhou","PM2.5 - Principal","2021-04-25 06:00 AM",2021,4,25,6,17.1,62,"Moderate",14,"UG/M3","1 Hr","Valid"
"2742","Guangzhou","PM2.5 - Principal","2021-04-25 12:00 PM",2021,4,25,12,25.1,78,"Moderate",27,"UG/M3","1 Hr","Valid"
"2748","Guangzhou","PM2.5 - Principal","2021-04-25 06:00 PM",2021,4,25,18,15.5,58,"Moderate",9,"UG/M3","1 Hr","Valid"
"2754","Guangzhou","PM2.5 - Principal","2021-04-26 12:00 AM",2021,4,26,0,5.2,22,"Good",4,"UG/M3","1 Hr","Valid"
"2760","Guangzhou","PM2.5 - Principal","2021-04-26 06:00 AM",2021,4,26,6,6,25,"Good",6,"UG/M3","1 Hr","Valid"
"2765","Guangzhou","PM2.5 - Principal","2021-04-26 12:00 PM",2021,4,26,12,24.4,77,"Moderate",26,"UG/M3","1 Hr","Valid"
"2771","Guangzhou","PM2.5 - Principal","2021-04-26 06:00 PM",2021,4,26,18,28.8,86,"Moderate",27,"UG/M3","1 Hr","Valid"
"2777","Guangzhou","PM2.5 - Principal","2021-04-27 12:00 AM",2021,4,27,0,30,89,"Moderate",28,"UG/M3","1 Hr","Valid"
"2783","Guangzhou","PM2.5 - Principal","2021-04-27 06:00 AM",2021,4,27,6,21.3,70,"Moderate",15,"UG/M3","1 Hr","Valid"
"2789","Guangzhou","PM2.5 - Principal","2021-04-27 12:00 PM",2021,4,27,12,25.3,79,"Moderate",27,"UG/M3","1 Hr","Valid"
"2795","Guangzhou","PM2.5 - Principal","2021-04-27 06:00 PM",2021,4,27,18,23.6,75,"Moderate",22,"UG/M3","1 Hr","Valid"
"2801","Guangzhou","PM2.5 - Principal","2021-04-28 12:00 AM",2021,4,28,0,22.8,74,"Moderate",21,"UG/M3","1 Hr","Valid"
"2807","Guangzhou","PM2.5 - Principal","2021-04-28 06:00 AM",2021,4,28,6,14.5,56,"Moderate",15,"UG/M3","1 Hr","Valid"
"2813","Guangzhou","PM2.5 - Principal","2021-04-28 12:00 PM",2021,4,28,12,14.7,56,"Moderate",13,"UG/M3","1 Hr","Valid"
"2819","Guangzhou","PM2.5 - Principal","2021-04-28 06:00 PM",2021,4,28,18,4.1,17,"Good",4,"UG/M3","1 Hr","Valid"
"2825","Guangzhou","PM2.5 - Principal","2021-04-29 12:00 AM",2021,4,29,0,4.2,18,"Good",4,"UG/M3","1 Hr","Valid"
"2831","Guangzhou","PM2.5 - Principal","2021-04-29 06:00 AM",2021,4,29,6,4.5,19,"Good",5,"UG/M3","1 Hr","Valid"
"2837","Guangzhou","PM2.5 - Principal","2021-04-29 12:00 PM",2021,4,29,12,12.6,52,"Moderate",16,"UG/M3","1 Hr","Valid"
"2843","Guangzhou","PM2.5 - Principal","2021-04-29 06:00 PM",2021,4,29,18,19.7,67,"Moderate",22,"UG/M3","1 Hr","Valid"
"2849","Guangzhou","PM2.5 - Principal","2021-04-30 12:00 AM",2021,4,30,0,44.7,124,"Unhealthy for Sensitive Groups",50,"UG/M3","1 Hr","Valid"
"2855","Guangzhou","PM2.5 - Principal","2021-04-30 06:00 AM",2021,4,30,6,56.2,151,"Unhealthy",57,"UG/M3","1 Hr","Valid"
"2861","Guangzhou","PM2.5 - Principal","2021-04-30 12:00 PM",2021,4,30,12,49.3,135,"Unhealthy for Sensitive Groups",44,"UG/M3","1 Hr","Valid"
"2867","Guangzhou","PM2.5 - Principal","2021-04-30 06:00 PM",2021,4,30,18,53.3,145,"Unhealthy for Sensitive Groups",57,"UG/M3","1 Hr","Valid"
"2873","Guangzhou","PM2.5 - Principal","2021-05-01 12:00 AM",2021,5,1,0,43.1,120,"Unhealthy for Sensitive Groups",34,"UG/M3","1 Hr","Valid"
"2879","Guangzhou","PM2.5 - Principal","2021-05-01 06:00 AM",2021,5,1,6,51,139,"Unhealthy for Sensitive Groups",57,"UG/M3","1 Hr","Valid"
"2885","Guangzhou","PM2.5 - Principal","2021-05-01 12:00 PM",2021,5,1,12,47,129,"Unhealthy for Sensitive Groups",48,"UG/M3","1 Hr","Valid"
"2891","Guangzhou","PM2.5 - Principal","2021-05-01 06:00 PM",2021,5,1,18,45.4,125,"Unhealthy for Sensitive Groups",43,"UG/M3","1 Hr","Valid"
"2897","Guangzhou","PM2.5 - Principal","2021-05-02 12:00 AM",2021,5,2,0,40.6,114,"Unhealthy for Sensitive Groups",41,"UG/M3","1 Hr","Valid"
"2903","Guangzhou","PM2.5 - Principal","2021-05-02 06:00 AM",2021,5,2,6,40.8,114,"Unhealthy for Sensitive Groups",43,"UG/M3","1 Hr","Valid"
"2909","Guangzhou","PM2.5 - Principal","2021-05-02 12:00 PM",2021,5,2,12,39.4,111,"Unhealthy for Sensitive Groups",39,"UG/M3","1 Hr","Valid"
"2915","Guangzhou","PM2.5 - Principal","2021-05-02 06:00 PM",2021,5,2,18,28.5,85,"Moderate",27,"UG/M3","1 Hr","Valid"
"2921","Guangzhou","PM2.5 - Principal","2021-05-03 12:00 AM",2021,5,3,0,21.6,71,"Moderate",25,"UG/M3","1 Hr","Valid"
"2927","Guangzhou","PM2.5 - Principal","2021-05-03 06:00 AM",2021,5,3,6,23.6,75,"Moderate",22,"UG/M3","1 Hr","Valid"
"2933","Guangzhou","PM2.5 - Principal","2021-05-03 12:00 PM",2021,5,3,12,22.8,74,"Moderate",26,"UG/M3","1 Hr","Valid"
"2939","Guangzhou","PM2.5 - Principal","2021-05-03 06:00 PM",2021,5,3,18,20.3,68,"Moderate",22,"UG/M3","1 Hr","Valid"
"2945","Guangzhou","PM2.5 - Principal","2021-05-04 12:00 AM",2021,5,4,0,17.7,63,"Moderate",16,"UG/M3","1 Hr","Valid"
"2951","Guangzhou","PM2.5 - Principal","2021-05-04 06:00 AM",2021,5,4,6,16.5,60,"Moderate",19,"UG/M3","1 Hr","Valid"
"2957","Guangzhou","PM2.5 - Principal","2021-05-04 12:00 PM",2021,5,4,12,18,63,"Moderate",19,"UG/M3","1 Hr","Valid"
"2963","Guangzhou","PM2.5 - Principal","2021-05-04 06:00 PM",2021,5,4,18,10.2,43,"Good",4,"UG/M3","1 Hr","Valid"
"2969","Guangzhou","PM2.5 - Principal","2021-05-05 12:00 AM",2021,5,5,0,17.5,62,"Moderate",21,"UG/M3","1 Hr","Valid"
"2975","Guangzhou","PM2.5 - Principal","2021-05-05 06:00 AM",2021,5,5,6,18.9,65,"Moderate",19,"UG/M3","1 Hr","Valid"
"2981","Guangzhou","PM2.5 - Principal","2021-05-05 12:00 PM",2021,5,5,12,17.9,63,"Moderate",21,"UG/M3","1 Hr","Valid"
"2987","Guangzhou","PM2.5 - Principal","2021-05-05 06:00 PM",2021,5,5,18,16.4,60,"Moderate",19,"UG/M3","1 Hr","Valid"
"2993","Guangzhou","PM2.5 - Principal","2021-05-06 12:00 AM",2021,5,6,0,25.8,80,"Moderate",27,"UG/M3","1 Hr","Valid"
"2999","Guangzhou","PM2.5 - Principal","2021-05-06 06:00 AM",2021,5,6,6,20.9,70,"Moderate",21,"UG/M3","1 Hr","Valid"
"3005","Guangzhou","PM2.5 - Principal","2021-05-06 12:00 PM",2021,5,6,12,21.2,70,"Moderate",23,"UG/M3","1 Hr","Valid"
"3011","Guangzhou","PM2.5 - Principal","2021-05-06 06:00 PM",2021,5,6,18,27.8,84,"Moderate",29,"UG/M3","1 Hr","Valid"
"3017","Guangzhou","PM2.5 - Principal","2021-05-07 12:00 AM",2021,5,7,0,25.9,80,"Moderate",28,"UG/M3","1 Hr","Valid"
"3023","Guangzhou","PM2.5 - Principal","2021-05-07 06:00 AM",2021,5,7,6,25.5,79,"Moderate",24,"UG/M3","1 Hr","Valid"
"3029","Guangzhou","PM2.5 - Principal","2021-05-07 12:00 PM",2021,5,7,12,29.2,87,"Moderate",29,"UG/M3","1 Hr","Valid"
"3035","Guangzhou","PM2.5 - Principal","2021-05-07 06:00 PM",2021,5,7,18,29.5,88,"Moderate",26,"UG/M3","1 Hr","Valid"
"3041","Guangzhou","PM2.5 - Principal","2021-05-08 12:00 AM",2021,5,8,0,30.3,89,"Moderate",31,"UG/M3","1 Hr","Valid"
"3047","Guangzhou","PM2.5 - Principal","2021-05-08 06:00 AM",2021,5,8,6,20.9,70,"Moderate",23,"UG/M3","1 Hr","Valid"
"3053","Guangzhou","PM2.5 - Principal","2021-05-08 12:00 PM",2021,5,8,12,24.8,78,"Moderate",29,"UG/M3","1 Hr","Valid"
"3059","Guangzhou","PM2.5 - Principal","2021-05-08 06:00 PM",2021,5,8,18,26.4,81,"Moderate",27,"UG/M3","1 Hr","Valid"
"3065","Guangzhou","PM2.5 - Principal","2021-05-09 12:00 AM",2021,5,9,0,20.9,70,"Moderate",19,"UG/M3","1 Hr","Valid"
"3071","Guangzhou","PM2.5 - Principal","2021-05-09 06:00 AM",2021,5,9,6,17.1,62,"Moderate",16,"UG/M3","1 Hr","Valid"
"3077","Guangzhou","PM2.5 - Principal","2021-05-09 12:00 PM",2021,5,9,12,22.9,74,"Moderate",25,"UG/M3","1 Hr","Valid"
"3083","Guangzhou","PM2.5 - Principal","2021-05-09 06:00 PM",2021,5,9,18,19,66,"Moderate",17,"UG/M3","1 Hr","Valid"
"3089","Guangzhou","PM2.5 - Principal","2021-05-10 12:00 AM",2021,5,10,0,16.5,60,"Moderate",15,"UG/M3","1 Hr","Valid"
"3095","Guangzhou","PM2.5 - Principal","2021-05-10 06:00 AM",2021,5,10,6,12.2,51,"Moderate",11,"UG/M3","1 Hr","Valid"
"3101","Guangzhou","PM2.5 - Principal","2021-05-10 12:00 PM",2021,5,10,12,9,38,"Good",8,"UG/M3","1 Hr","Valid"
"3107","Guangzhou","PM2.5 - Principal","2021-05-10 06:00 PM",2021,5,10,18,10.7,45,"Good",8,"UG/M3","1 Hr","Valid"
"3113","Guangzhou","PM2.5 - Principal","2021-05-11 12:00 AM",2021,5,11,0,11.2,47,"Good",12,"UG/M3","1 Hr","Valid"
"3119","Guangzhou","PM2.5 - Principal","2021-05-11 06:00 AM",2021,5,11,6,10,42,"Good",11,"UG/M3","1 Hr","Valid"
"3125","Guangzhou","PM2.5 - Principal","2021-05-11 12:00 PM",2021,5,11,12,11.4,48,"Good",12,"UG/M3","1 Hr","Valid"
"3130","Guangzhou","PM2.5 - Principal","2021-05-11 06:00 PM",2021,5,11,18,9,38,"Good",9,"UG/M3","1 Hr","Valid"
"3136","Guangzhou","PM2.5 - Principal","2021-05-12 12:00 AM",2021,5,12,0,10.9,45,"Good",10,"UG/M3","1 Hr","Valid"
"3142","Guangzhou","PM2.5 - Principal","2021-05-12 06:00 AM",2021,5,12,6,8.6,36,"Good",10,"UG/M3","1 Hr","Valid"
"3148","Guangzhou","PM2.5 - Principal","2021-05-12 12:00 PM",2021,5,12,12,9.1,38,"Good",9,"UG/M3","1 Hr","Valid"
"3154","Guangzhou","PM2.5 - Principal","2021-05-12 06:00 PM",2021,5,12,18,13.1,53,"Moderate",16,"UG/M3","1 Hr","Valid"
"3160","Guangzhou","PM2.5 - Principal","2021-05-13 12:00 AM",2021,5,13,0,8.2,34,"Good",7,"UG/M3","1 Hr","Valid"
"3166","Guangzhou","PM2.5 - Principal","2021-05-13 06:00 AM",2021,5,13,6,8,33,"Good",8,"UG/M3","1 Hr","Valid"
"3172","Guangzhou","PM2.5 - Principal","2021-05-13 12:00 PM",2021,5,13,12,15.1,57,"Moderate",16,"UG/M3","1 Hr","Valid"
"3178","Guangzhou","PM2.5 - Principal","2021-05-13 06:00 PM",2021,5,13,18,14.8,57,"Moderate",16,"UG/M3","1 Hr","Valid"
"3184","Guangzhou","PM2.5 - Principal","2021-05-14 12:00 AM",2021,5,14,0,13.8,55,"Moderate",12,"UG/M3","1 Hr","Valid"
"3190","Guangzhou","PM2.5 - Principal","2021-05-14 06:00 AM",2021,5,14,6,10.6,44,"Good",11,"UG/M3","1 Hr","Valid"
"3196","Guangzhou","PM2.5 - Principal","2021-05-14 12:00 PM",2021,5,14,12,14.1,55,"Moderate",14,"UG/M3","1 Hr","Valid"
"3202","Guangzhou","PM2.5 - Principal","2021-05-14 06:00 PM",2021,5,14,18,11.4,48,"Good",11,"UG/M3","1 Hr","Valid"
"3208","Guangzhou","PM2.5 - Principal","2021-05-15 12:00 AM",2021,5,15,0,15.4,58,"Moderate",16,"UG/M3","1 Hr","Valid"
"3214","Guangzhou","PM2.5 - Principal","2021-05-15 06:00 AM",2021,5,15,6,9.1,38,"Good",9,"UG/M3","1 Hr","Valid"
"3220","Guangzhou","PM2.5 - Principal","2021-05-15 12:00 PM",2021,5,15,12,15,57,"Moderate",17,"UG/M3","1 Hr","Valid"
"3226","Guangzhou","PM2.5 - Principal","2021-05-15 06:00 PM",2021,5,15,18,15.5,58,"Moderate",19,"UG/M3","1 Hr","Valid"
"3232","Guangzhou","PM2.5 - Principal","2021-05-16 12:00 AM",2021,5,16,0,14.3,56,"Moderate",11,"UG/M3","1 Hr","Valid"
"3238","Guangzhou","PM2.5 - Principal","2021-05-16 06:00 AM",2021,5,16,6,13.4,54,"Moderate",13,"UG/M3","1 Hr","Valid"
"3244","Guangzhou","PM2.5 - Principal","2021-05-16 12:00 PM",2021,5,16,12,13.2,53,"Moderate",16,"UG/M3","1 Hr","Valid"
"3250","Guangzhou","PM2.5 - Principal","2021-05-16 06:00 PM",2021,5,16,18,9.2,38,"Good",9,"UG/M3","1 Hr","Valid"
"3256","Guangzhou","PM2.5 - Principal","2021-05-17 12:00 AM",2021,5,17,0,9.5,40,"Good",9,"UG/M3","1 Hr","Valid"
"3262","Guangzhou","PM2.5 - Principal","2021-05-17 06:00 AM",2021,5,17,6,8,33,"Good",7,"UG/M3","1 Hr","Valid"
"3268","Guangzhou","PM2.5 - Principal","2021-05-17 12:00 PM",2021,5,17,12,12.8,52,"Moderate",12,"UG/M3","1 Hr","Valid"
"3274","Guangzhou","PM2.5 - Principal","2021-05-17 06:00 PM",2021,5,17,18,10.3,43,"Good",10,"UG/M3","1 Hr","Valid"
"3280","Guangzhou","PM2.5 - Principal","2021-05-18 12:00 AM",2021,5,18,0,9.2,38,"Good",10,"UG/M3","1 Hr","Valid"
"3286","Guangzhou","PM2.5 - Principal","2021-05-18 06:00 AM",2021,5,18,6,4.7,20,"Good",5,"UG/M3","1 Hr","Valid"
"3292","Guangzhou","PM2.5 - Principal","2021-05-18 12:00 PM",2021,5,18,12,8.9,37,"Good",13,"UG/M3","1 Hr","Valid"
"3298","Guangzhou","PM2.5 - Principal","2021-05-18 06:00 PM",2021,5,18,18,12.1,51,"Moderate",12,"UG/M3","1 Hr","Valid"
"3304","Guangzhou","PM2.5 - Principal","2021-05-19 12:00 AM",2021,5,19,0,13.2,53,"Moderate",14,"UG/M3","1 Hr","Valid"
"3310","Guangzhou","PM2.5 - Principal","2021-05-19 06:00 AM",2021,5,19,6,11.7,49,"Good",12,"UG/M3","1 Hr","Valid"
"3316","Guangzhou","PM2.5 - Principal","2021-05-19 12:00 PM",2021,5,19,12,10.3,43,"Good",11,"UG/M3","1 Hr","Valid"
"3322","Guangzhou","PM2.5 - Principal","2021-05-19 06:00 PM",2021,5,19,18,13.6,54,"Moderate",16,"UG/M3","1 Hr","Valid"
"3328","Guangzhou","PM2.5 - Principal","2021-05-20 12:00 AM",2021,5,20,0,11.1,46,"Good",10,"UG/M3","1 Hr","Valid"
"3334","Guangzhou","PM2.5 - Principal","2021-05-20 06:00 AM",2021,5,20,6,8.4,35,"Good",8,"UG/M3","1 Hr","Valid"
"3340","Guangzhou","PM2.5 - Principal","2021-05-20 12:00 PM",2021,5,20,12,9.5,40,"Good",9,"UG/M3","1 Hr","Valid"
"3346","Guangzhou","PM2.5 - Principal","2021-05-20 06:00 PM",2021,5,20,18,10.3,43,"Good",13,"UG/M3","1 Hr","Valid"
"3352","Guangzhou","PM2.5 - Principal","2021-05-21 12:00 AM",2021,5,21,0,8.8,37,"Good",10,"UG/M3","1 Hr","Valid"
"3358","Guangzhou","PM2.5 - Principal","2021-05-21 06:00 AM",2021,5,21,6,6.5,27,"Good",5,"UG/M3","1 Hr","Valid"
"3364","Guangzhou","PM2.5 - Principal","2021-05-21 12:00 PM",2021,5,21,12,9.9,41,"Good",12,"UG/M3","1 Hr","Valid"
"3370","Guangzhou","PM2.5 - Principal","2021-05-21 06:00 PM",2021,5,21,18,7.8,33,"Good",7,"UG/M3","1 Hr","Valid"
"3376","Guangzhou","PM2.5 - Principal","2021-05-22 12:00 AM",2021,5,22,0,5.8,24,"Good",7,"UG/M3","1 Hr","Valid"
"3382","Guangzhou","PM2.5 - Principal","2021-05-22 06:00 AM",2021,5,22,6,2.7,11,"Good",2,"UG/M3","1 Hr","Valid"
"3388","Guangzhou","PM2.5 - Principal","2021-05-22 12:00 PM",2021,5,22,12,7.4,31,"Good",8,"UG/M3","1 Hr","Valid"
"3394","Guangzhou","PM2.5 - Principal","2021-05-22 06:00 PM",2021,5,22,18,13.8,55,"Moderate",15,"UG/M3","1 Hr","Valid"
"3400","Guangzhou","PM2.5 - Principal","2021-05-23 12:00 AM",2021,5,23,0,5.8,24,"Good",4,"UG/M3","1 Hr","Valid"
"3406","Guangzhou","PM2.5 - Principal","2021-05-23 06:00 AM",2021,5,23,6,4.9,20,"Good",6,"UG/M3","1 Hr","Valid"
"3412","Guangzhou","PM2.5 - Principal","2021-05-23 12:00 PM",2021,5,23,12,8.4,35,"Good",11,"UG/M3","1 Hr","Valid"
"3418","Guangzhou","PM2.5 - Principal","2021-05-23 06:00 PM",2021,5,23,18,7.5,31,"Good",7,"UG/M3","1 Hr","Valid"
"3424","Guangzhou","PM2.5 - Principal","2021-05-24 12:00 AM",2021,5,24,0,5.3,22,"Good",4,"UG/M3","1 Hr","Valid"
"3430","Guangzhou","PM2.5 - Principal","2021-05-24 06:00 AM",2021,5,24,6,6.5,27,"Good",8,"UG/M3","1 Hr","Valid"
"3436","Guangzhou","PM2.5 - Principal","2021-05-24 12:00 PM",2021,5,24,12,8.1,34,"Good",9,"UG/M3","1 Hr","Valid"
"3442","Guangzhou","PM2.5 - Principal","2021-05-24 06:00 PM",2021,5,24,18,13.7,54,"Moderate",16,"UG/M3","1 Hr","Valid"
"3448","Guangzhou","PM2.5 - Principal","2021-05-25 12:00 AM",2021,5,25,0,25,78,"Moderate",25,"UG/M3","1 Hr","Valid"
"3454","Guangzhou","PM2.5 - Principal","2021-05-25 06:00 AM",2021,5,25,6,9.8,41,"Good",8,"UG/M3","1 Hr","Valid"
"3460","Guangzhou","PM2.5 - Principal","2021-05-25 12:00 PM",2021,5,25,12,10.7,45,"Good",4,"UG/M3","1 Hr","Valid"
"3466","Guangzhou","PM2.5 - Principal","2021-05-25 06:00 PM",2021,5,25,18,8.6,36,"Good",13,"UG/M3","1 Hr","Valid"
"3472","Guangzhou","PM2.5 - Principal","2021-05-26 12:00 AM",2021,5,26,0,8.5,35,"Good",8,"UG/M3","1 Hr","Valid"
"3478","Guangzhou","PM2.5 - Principal","2021-05-26 06:00 AM",2021,5,26,6,4.4,18,"Good",6,"UG/M3","1 Hr","Valid"
"3484","Guangzhou","PM2.5 - Principal","2021-05-26 12:00 PM",2021,5,26,12,7.5,31,"Good",8,"UG/M3","1 Hr","Valid"
"3490","Guangzhou","PM2.5 - Principal","2021-05-26 06:00 PM",2021,5,26,18,8.9,37,"Good",10,"UG/M3","1 Hr","Valid"
"3496","Guangzhou","PM2.5 - Principal","2021-05-27 12:00 AM",2021,5,27,0,7.8,33,"Good",6,"UG/M3","1 Hr","Valid"
"3502","Guangzhou","PM2.5 - Principal","2021-05-27 06:00 AM",2021,5,27,6,5,21,"Good",6,"UG/M3","1 Hr","Valid"
"3508","Guangzhou","PM2.5 - Principal","2021-05-27 12:00 PM",2021,5,27,12,9.2,38,"Good",12,"UG/M3","1 Hr","Valid"
"3514","Guangzhou","PM2.5 - Principal","2021-05-27 06:00 PM",2021,5,27,18,10,42,"Good",8,"UG/M3","1 Hr","Valid"
"3520","Guangzhou","PM2.5 - Principal","2021-05-28 12:00 AM",2021,5,28,0,6.7,28,"Good",6,"UG/M3","1 Hr","Valid"
"3526","Guangzhou","PM2.5 - Principal","2021-05-28 06:00 AM",2021,5,28,6,5.1,21,"Good",6,"UG/M3","1 Hr","Valid"
"3532","Guangzhou","PM2.5 - Principal","2021-05-28 12:00 PM",2021,5,28,12,7,29,"Good",7,"UG/M3","1 Hr","Valid"
"3538","Guangzhou","PM2.5 - Principal","2021-05-28 06:00 PM",2021,5,28,18,8.2,34,"Good",7,"UG/M3","1 Hr","Valid"
"3544","Guangzhou","PM2.5 - Principal","2021-05-29 12:00 AM",2021,5,29,0,8.4,35,"Good",9,"UG/M3","1 Hr","Valid"
"3550","Guangzhou","PM2.5 - Principal","2021-05-29 06:00 AM",2021,5,29,6,3.3,14,"Good",3,"UG/M3","1 Hr","Valid"
"3556","Guangzhou","PM2.5 - Principal","2021-05-29 12:00 PM",2021,5,29,12,9.3,39,"Good",10,"UG/M3","1 Hr","Valid"
"3562","Guangzhou","PM2.5 - Principal","2021-05-29 06:00 PM",2021,5,29,18,8.3,35,"Good",6,"UG/M3","1 Hr","Valid"
"3568","Guangzhou","PM2.5 - Principal","2021-05-30 12:00 AM",2021,5,30,0,18.6,65,"Moderate",18,"UG/M3","1 Hr","Valid"
"3574","Guangzhou","PM2.5 - Principal","2021-05-30 06:00 AM",2021,5,30,6,10.4,43,"Good",9,"UG/M3","1 Hr","Valid"
"3580","Guangzhou","PM2.5 - Principal","2021-05-30 12:00 PM",2021,5,30,12,13.4,54,"Moderate",15,"UG/M3","1 Hr","Valid"
"3586","Guangzhou","PM2.5 - Principal","2021-05-30 06:00 PM",2021,5,30,18,15.1,57,"Moderate",15,"UG/M3","1 Hr","Valid"
"3592","Guangzhou","PM2.5 - Principal","2021-05-31 12:00 AM",2021,5,31,0,14.5,56,"Moderate",15,"UG/M3","1 Hr","Valid"
"3598","Guangzhou","PM2.5 - Principal","2021-05-31 06:00 AM",2021,5,31,6,9.4,39,"Good",9,"UG/M3","1 Hr","Valid"
"3604","Guangzhou","PM2.5 - Principal","2021-05-31 12:00 PM",2021,5,31,12,17.6,63,"Moderate",19,"UG/M3","1 Hr","Valid"
"3610","Guangzhou","PM2.5 - Principal","2021-05-31 06:00 PM",2021,5,31,18,10.8,45,"Good",6,"UG/M3","1 Hr","Valid"
"3616","Guangzhou","PM2.5 - Principal","2021-06-01 12:00 AM",2021,6,1,0,10.9,45,"Good",13,"UG/M3","1 Hr","Valid"
