"","Site","Parameter","Date..LT.","Year","Month","Day","Hour","NowCast.Conc.","AQI","AQI.Category","Raw.Conc.","Conc..Unit","Duration","QC.Name"
"6","Shanghai","PM2.5 - Principal","2021-01-01 06:00 AM",2021,1,1,6,39.1,110,"Unhealthy for Sensitive Groups",41,"UG/M3","1 Hr","Valid"
"12","Shanghai","PM2.5 - Principal","2021-01-01 12:00 PM",2021,1,1,12,44.7,124,"Unhealthy for Sensitive Groups",42,"UG/M3","1 Hr","Valid"
"18","Shanghai","PM2.5 - Principal","2021-01-01 06:00 PM",2021,1,1,18,28.9,86,"Moderate",26,"UG/M3","1 Hr","Valid"
"24","Shanghai","PM2.5 - Principal","2021-01-02 12:00 AM",2021,1,2,0,36.6,104,"Unhealthy for Sensitive Groups",36,"UG/M3","1 Hr","Valid"
"30","Shanghai","PM2.5 - Principal","2021-01-02 06:00 AM",2021,1,2,6,37.2,105,"Unhealthy for Sensitive Groups",35,"UG/M3","1 Hr","Valid"
"36","Shanghai","PM2.5 - Principal","2021-01-02 12:00 PM",2021,1,2,12,64.4,156,"Unhealthy",70,"UG/M3","1 Hr","Valid"
"42","Shanghai","PM2.5 - Principal","2021-01-02 06:00 PM",2021,1,2,18,61.5,154,"Unhealthy",59,"UG/M3","1 Hr","Valid"
"48","Shanghai","PM2.5 - Principal","2021-01-03 12:00 AM",2021,1,3,0,67.2,157,"Unhealthy",74,"UG/M3","1 Hr","Valid"
"54","Shanghai","PM2.5 - Principal","2021-01-03 06:00 AM",2021,1,3,6,77.5,162,"Unhealthy",76,"UG/M3","1 Hr","Valid"
"60","Shanghai","PM2.5 - Principal","2021-01-03 12:00 PM",2021,1,3,12,42.3,118,"Unhealthy for Sensitive Groups",33,"UG/M3","1 Hr","Valid"
"66","Shanghai","PM2.5 - Principal","2021-01-03 06:00 PM",2021,1,3,18,15.1,57,"Moderate",14,"UG/M3","1 Hr","Valid"
"72","Shanghai","PM2.5 - Principal","2021-01-04 12:00 AM",2021,1,4,0,17.9,63,"Moderate",15,"UG/M3","1 Hr","Valid"
"78","Shanghai","PM2.5 - Principal","2021-01-04 06:00 AM",2021,1,4,6,18,63,"Moderate",18,"UG/M3","1 Hr","Valid"
"84","Shanghai","PM2.5 - Principal","2021-01-04 12:00 PM",2021,1,4,12,22.6,73,"Moderate",21,"UG/M3","1 Hr","Valid"
"90","Shanghai","PM2.5 - Principal","2021-01-04 06:00 PM",2021,1,4,18,22.8,74,"Moderate",25,"UG/M3","1 Hr","Valid"
"96","Shanghai","PM2.5 - Principal","2021-01-05 12:00 AM",2021,1,5,0,30.7,90,"Moderate",31,"UG/M3","1 Hr","Valid"
"102","Shanghai","PM2.5 - Principal","2021-01-05 06:00 AM",2021,1,5,6,18.8,65,"Moderate",15,"UG/M3","1 Hr","Valid"
"108","Shanghai","PM2.5 - Principal","2021-01-05 12:00 PM",2021,1,5,12,59.4,153,"Unhealthy",61,"UG/M3","1 Hr","Valid"
"114","Shanghai","PM2.5 - Principal","2021-01-05 06:00 PM",2021,1,5,18,33.4,96,"Moderate",27,"UG/M3","1 Hr","Valid"
"122","Shanghai","PM2.5 - Principal","2021-01-06 06:00 AM",2021,1,6,6,21.1,70,"Moderate",26,"UG/M3","1 Hr","Valid"
"128","Shanghai","PM2.5 - Principal","2021-01-06 12:00 PM",2021,1,6,12,29.4,87,"Moderate",30,"UG/M3","1 Hr","Valid"
"134","Shanghai","PM2.5 - Principal","2021-01-06 06:00 PM",2021,1,6,18,43.4,120,"Unhealthy for Sensitive Groups",44,"UG/M3","1 Hr","Valid"
"140","Shanghai","PM2.5 - Principal","2021-01-07 12:00 AM",2021,1,7,0,59.3,153,"Unhealthy",65,"UG/M3","1 Hr","Valid"
"146","Shanghai","PM2.5 - Principal","2021-01-07 06:00 AM",2021,1,7,6,20.6,69,"Moderate",13,"UG/M3","1 Hr","Valid"
"152","Shanghai","PM2.5 - Principal","2021-01-07 12:00 PM",2021,1,7,12,16.4,60,"Moderate",18,"UG/M3","1 Hr","Valid"
"158","Shanghai","PM2.5 - Principal","2021-01-07 06:00 PM",2021,1,7,18,18.1,64,"Moderate",17,"UG/M3","1 Hr","Valid"
"164","Shanghai","PM2.5 - Principal","2021-01-08 12:00 AM",2021,1,8,0,17.6,63,"Moderate",19,"UG/M3","1 Hr","Valid"
"170","Shanghai","PM2.5 - Principal","2021-01-08 06:00 AM",2021,1,8,6,14.7,56,"Moderate",11,"UG/M3","1 Hr","Valid"
"176","Shanghai","PM2.5 - Principal","2021-01-08 12:00 PM",2021,1,8,12,27.9,84,"Moderate",27,"UG/M3","1 Hr","Valid"
"182","Shanghai","PM2.5 - Principal","2021-01-08 06:00 PM",2021,1,8,18,27.7,84,"Moderate",23,"UG/M3","1 Hr","Valid"
"188","Shanghai","PM2.5 - Principal","2021-01-09 12:00 AM",2021,1,9,0,33.2,95,"Moderate",33,"UG/M3","1 Hr","Valid"
"194","Shanghai","PM2.5 - Principal","2021-01-09 06:00 AM",2021,1,9,6,36.8,104,"Unhealthy for Sensitive Groups",38,"UG/M3","1 Hr","Valid"
"200","Shanghai","PM2.5 - Principal","2021-01-09 12:00 PM",2021,1,9,12,39.1,110,"Unhealthy for Sensitive Groups",35,"UG/M3","1 Hr","Valid"
"206","Shanghai","PM2.5 - Principal","2021-01-09 06:00 PM",2021,1,9,18,28.9,86,"Moderate",26,"UG/M3","1 Hr","Valid"
"212","Shanghai","PM2.5 - Principal","2021-01-10 12:00 AM",2021,1,10,0,45.3,125,"Unhealthy for Sensitive Groups",47,"UG/M3","1 Hr","Valid"
"218","Shanghai","PM2.5 - Principal","2021-01-10 06:00 AM",2021,1,10,6,52.6,143,"Unhealthy for Sensitive Groups",54,"UG/M3","1 Hr","Valid"
"224","Shanghai","PM2.5 - Principal","2021-01-10 12:00 PM",2021,1,10,12,52.6,143,"Unhealthy for Sensitive Groups",51,"UG/M3","1 Hr","Valid"
"230","Shanghai","PM2.5 - Principal","2021-01-10 06:00 PM",2021,1,10,18,55.9,151,"Unhealthy",62,"UG/M3","1 Hr","Valid"
"236","Shanghai","PM2.5 - Principal","2021-01-11 12:00 AM",2021,1,11,0,62.6,155,"Unhealthy",60,"UG/M3","1 Hr","Valid"
"242","Shanghai","PM2.5 - Principal","2021-01-11 06:00 AM",2021,1,11,6,47.7,131,"Unhealthy for Sensitive Groups",45,"UG/M3","1 Hr","Valid"
"248","Shanghai","PM2.5 - Principal","2021-01-11 12:00 PM",2021,1,11,12,72.5,160,"Unhealthy",73,"UG/M3","1 Hr","Valid"
"254","Shanghai","PM2.5 - Principal","2021-01-11 06:00 PM",2021,1,11,18,54.1,147,"Unhealthy for Sensitive Groups",53,"UG/M3","1 Hr","Valid"
"260","Shanghai","PM2.5 - Principal","2021-01-12 12:00 AM",2021,1,12,0,43.8,121,"Unhealthy for Sensitive Groups",45,"UG/M3","1 Hr","Valid"
"266","Shanghai","PM2.5 - Principal","2021-01-12 06:00 AM",2021,1,12,6,35.9,102,"Unhealthy for Sensitive Groups",35,"UG/M3","1 Hr","Valid"
"272","Shanghai","PM2.5 - Principal","2021-01-12 12:00 PM",2021,1,12,12,46.5,128,"Unhealthy for Sensitive Groups",49,"UG/M3","1 Hr","Valid"
"278","Shanghai","PM2.5 - Principal","2021-01-12 06:00 PM",2021,1,12,18,36.3,103,"Unhealthy for Sensitive Groups",32,"UG/M3","1 Hr","Valid"
"284","Shanghai","PM2.5 - Principal","2021-01-13 12:00 AM",2021,1,13,0,43.4,120,"Unhealthy for Sensitive Groups",44,"UG/M3","1 Hr","Valid"
"289","Shanghai","PM2.5 - Principal","2021-01-13 06:00 AM",2021,1,13,6,45.7,126,"Unhealthy for Sensitive Groups",45,"UG/M3","1 Hr","Valid"
"294","Shanghai","PM2.5 - Principal","2021-01-13 06:00 PM",2021,1,13,18,44.9,124,"Unhealthy for Sensitive Groups",51,"UG/M3","1 Hr","Valid"
"308","Shanghai","PM2.5 - Principal","2021-01-14 06:00 PM",2021,1,14,18,50.7,138,"Unhealthy for Sensitive Groups",58,"UG/M3","1 Hr","Valid"
"314","Shanghai","PM2.5 - Principal","2021-01-15 12:00 AM",2021,1,15,0,17.8,63,"Moderate",15,"UG/M3","1 Hr","Valid"
"320","Shanghai","PM2.5 - Principal","2021-01-15 06:00 AM",2021,1,15,6,19,66,"Moderate",20,"UG/M3","1 Hr","Valid"
"326","Shanghai","PM2.5 - Principal","2021-01-15 12:00 PM",2021,1,15,12,45.5,126,"Unhealthy for Sensitive Groups",49,"UG/M3","1 Hr","Valid"
"332","Shanghai","PM2.5 - Principal","2021-01-15 06:00 PM",2021,1,15,18,87.8,168,"Unhealthy",113,"UG/M3","1 Hr","Valid"
"338","Shanghai","PM2.5 - Principal","2021-01-16 12:00 AM",2021,1,16,0,94.2,171,"Unhealthy",69,"UG/M3","1 Hr","Valid"
"344","Shanghai","PM2.5 - Principal","2021-01-16 06:00 AM",2021,1,16,6,54,147,"Unhealthy for Sensitive Groups",55,"UG/M3","1 Hr","Valid"
"350","Shanghai","PM2.5 - Principal","2021-01-16 12:00 PM",2021,1,16,12,26.5,81,"Moderate",30,"UG/M3","1 Hr","Valid"
"356","Shanghai","PM2.5 - Principal","2021-01-16 06:00 PM",2021,1,16,18,10.8,45,"Good",10,"UG/M3","1 Hr","Valid"
"362","Shanghai","PM2.5 - Principal","2021-01-17 12:00 AM",2021,1,17,0,15.5,58,"Moderate",15,"UG/M3","1 Hr","Valid"
"368","Shanghai","PM2.5 - Principal","2021-01-17 06:00 AM",2021,1,17,6,21.4,71,"Moderate",27,"UG/M3","1 Hr","Valid"
"374","Shanghai","PM2.5 - Principal","2021-01-17 12:00 PM",2021,1,17,12,50.3,137,"Unhealthy for Sensitive Groups",48,"UG/M3","1 Hr","Valid"
"380","Shanghai","PM2.5 - Principal","2021-01-17 06:00 PM",2021,1,17,18,51.5,140,"Unhealthy for Sensitive Groups",51,"UG/M3","1 Hr","Valid"
"386","Shanghai","PM2.5 - Principal","2021-01-18 12:00 AM",2021,1,18,0,55.6,151,"Unhealthy",60,"UG/M3","1 Hr","Valid"
"392","Shanghai","PM2.5 - Principal","2021-01-18 06:00 AM",2021,1,18,6,67,157,"Unhealthy",63,"UG/M3","1 Hr","Valid"
"398","Shanghai","PM2.5 - Principal","2021-01-18 12:00 PM",2021,1,18,12,72,160,"Unhealthy",65,"UG/M3","1 Hr","Valid"
"404","Shanghai","PM2.5 - Principal","2021-01-18 06:00 PM",2021,1,18,18,55.1,149,"Unhealthy for Sensitive Groups",51,"UG/M3","1 Hr","Valid"
"410","Shanghai","PM2.5 - Principal","2021-01-19 12:00 AM",2021,1,19,0,59.7,153,"Unhealthy",60,"UG/M3","1 Hr","Valid"
"416","Shanghai","PM2.5 - Principal","2021-01-19 06:00 AM",2021,1,19,6,61.5,154,"Unhealthy",59,"UG/M3","1 Hr","Valid"
"422","Shanghai","PM2.5 - Principal","2021-01-19 12:00 PM",2021,1,19,12,59.7,153,"Unhealthy",50,"UG/M3","1 Hr","Valid"
"428","Shanghai","PM2.5 - Principal","2021-01-19 06:00 PM",2021,1,19,18,15.2,58,"Moderate",10,"UG/M3","1 Hr","Valid"
"434","Shanghai","PM2.5 - Principal","2021-01-20 12:00 AM",2021,1,20,0,11.1,46,"Good",10,"UG/M3","1 Hr","Valid"
"440","Shanghai","PM2.5 - Principal","2021-01-20 06:00 AM",2021,1,20,6,14.1,55,"Moderate",15,"UG/M3","1 Hr","Valid"
"446","Shanghai","PM2.5 - Principal","2021-01-20 12:00 PM",2021,1,20,12,22.5,73,"Moderate",24,"UG/M3","1 Hr","Valid"
"452","Shanghai","PM2.5 - Principal","2021-01-20 06:00 PM",2021,1,20,18,16.3,60,"Moderate",17,"UG/M3","1 Hr","Valid"
"458","Shanghai","PM2.5 - Principal","2021-01-21 12:00 AM",2021,1,21,0,15.8,59,"Moderate",15,"UG/M3","1 Hr","Valid"
"464","Shanghai","PM2.5 - Principal","2021-01-21 06:00 AM",2021,1,21,6,15.3,58,"Moderate",16,"UG/M3","1 Hr","Valid"
"470","Shanghai","PM2.5 - Principal","2021-01-21 12:00 PM",2021,1,21,12,31.8,92,"Moderate",36,"UG/M3","1 Hr","Valid"
"476","Shanghai","PM2.5 - Principal","2021-01-21 06:00 PM",2021,1,21,18,36.3,103,"Unhealthy for Sensitive Groups",42,"UG/M3","1 Hr","Valid"
"482","Shanghai","PM2.5 - Principal","2021-01-22 12:00 AM",2021,1,22,0,59.9,153,"Unhealthy",56,"UG/M3","1 Hr","Valid"
"488","Shanghai","PM2.5 - Principal","2021-01-22 06:00 AM",2021,1,22,6,59.3,153,"Unhealthy",47,"UG/M3","1 Hr","Valid"
"494","Shanghai","PM2.5 - Principal","2021-01-22 12:00 PM",2021,1,22,12,31.4,92,"Moderate",34,"UG/M3","1 Hr","Valid"
"500","Shanghai","PM2.5 - Principal","2021-01-22 06:00 PM",2021,1,22,18,20.7,69,"Moderate",19,"UG/M3","1 Hr","Valid"
"506","Shanghai","PM2.5 - Principal","2021-01-23 12:00 AM",2021,1,23,0,22.3,72,"Moderate",25,"UG/M3","1 Hr","Valid"
"512","Shanghai","PM2.5 - Principal","2021-01-23 06:00 AM",2021,1,23,6,43.5,121,"Unhealthy for Sensitive Groups",47,"UG/M3","1 Hr","Valid"
"518","Shanghai","PM2.5 - Principal","2021-01-23 12:00 PM",2021,1,23,12,37.4,106,"Unhealthy for Sensitive Groups",31,"UG/M3","1 Hr","Valid"
"524","Shanghai","PM2.5 - Principal","2021-01-23 06:00 PM",2021,1,23,18,60.2,153,"Unhealthy",65,"UG/M3","1 Hr","Valid"
"530","Shanghai","PM2.5 - Principal","2021-01-24 12:00 AM",2021,1,24,0,71.3,159,"Unhealthy",68,"UG/M3","1 Hr","Valid"
"536","Shanghai","PM2.5 - Principal","2021-01-24 06:00 AM",2021,1,24,6,67.7,157,"Unhealthy",67,"UG/M3","1 Hr","Valid"
"542","Shanghai","PM2.5 - Principal","2021-01-24 12:00 PM",2021,1,24,12,81,164,"Unhealthy",81,"UG/M3","1 Hr","Valid"
"548","Shanghai","PM2.5 - Principal","2021-01-24 06:00 PM",2021,1,24,18,47.3,130,"Unhealthy for Sensitive Groups",42,"UG/M3","1 Hr","Valid"
"554","Shanghai","PM2.5 - Principal","2021-01-25 12:00 AM",2021,1,25,0,34.3,98,"Moderate",32,"UG/M3","1 Hr","Valid"
"560","Shanghai","PM2.5 - Principal","2021-01-25 06:00 AM",2021,1,25,6,16.8,61,"Moderate",13,"UG/M3","1 Hr","Valid"
"566","Shanghai","PM2.5 - Principal","2021-01-25 12:00 PM",2021,1,25,12,16.9,61,"Moderate",17,"UG/M3","1 Hr","Valid"
"572","Shanghai","PM2.5 - Principal","2021-01-25 06:00 PM",2021,1,25,18,15.4,58,"Moderate",17,"UG/M3","1 Hr","Valid"
"578","Shanghai","PM2.5 - Principal","2021-01-26 12:00 AM",2021,1,26,0,18.4,64,"Moderate",19,"UG/M3","1 Hr","Valid"
"584","Shanghai","PM2.5 - Principal","2021-01-26 06:00 AM",2021,1,26,6,21.9,72,"Moderate",24,"UG/M3","1 Hr","Valid"
"590","Shanghai","PM2.5 - Principal","2021-01-26 12:00 PM",2021,1,26,12,25.5,79,"Moderate",30,"UG/M3","1 Hr","Valid"
"596","Shanghai","PM2.5 - Principal","2021-01-26 06:00 PM",2021,1,26,18,39.7,111,"Unhealthy for Sensitive Groups",40,"UG/M3","1 Hr","Valid"
"602","Shanghai","PM2.5 - Principal","2021-01-27 12:00 AM",2021,1,27,0,23.7,75,"Moderate",20,"UG/M3","1 Hr","Valid"
"608","Shanghai","PM2.5 - Principal","2021-01-27 06:00 AM",2021,1,27,6,44.8,124,"Unhealthy for Sensitive Groups",55,"UG/M3","1 Hr","Valid"
"614","Shanghai","PM2.5 - Principal","2021-01-27 12:00 PM",2021,1,27,12,69.6,158,"Unhealthy",70,"UG/M3","1 Hr","Valid"
"620","Shanghai","PM2.5 - Principal","2021-01-27 06:00 PM",2021,1,27,18,60,153,"Unhealthy",56,"UG/M3","1 Hr","Valid"
"626","Shanghai","PM2.5 - Principal","2021-01-28 12:00 AM",2021,1,28,0,28,84,"Moderate",27,"UG/M3","1 Hr","Valid"
"632","Shanghai","PM2.5 - Principal","2021-01-28 06:00 AM",2021,1,28,6,79.5,163,"Unhealthy",86,"UG/M3","1 Hr","Valid"
"638","Shanghai","PM2.5 - Principal","2021-01-28 12:00 PM",2021,1,28,12,83.9,166,"Unhealthy",83,"UG/M3","1 Hr","Valid"
"644","Shanghai","PM2.5 - Principal","2021-01-28 06:00 PM",2021,1,28,18,71.2,159,"Unhealthy",49,"UG/M3","1 Hr","Valid"
"650","Shanghai","PM2.5 - Principal","2021-01-29 12:00 AM",2021,1,29,0,25.6,79,"Moderate",24,"UG/M3","1 Hr","Valid"
"656","Shanghai","PM2.5 - Principal","2021-01-29 06:00 AM",2021,1,29,6,14.4,56,"Moderate",15,"UG/M3","1 Hr","Valid"
"662","Shanghai","PM2.5 - Principal","2021-01-29 12:00 PM",2021,1,29,12,24.1,76,"Moderate",26,"UG/M3","1 Hr","Valid"
"668","Shanghai","PM2.5 - Principal","2021-01-29 06:00 PM",2021,1,29,18,13.3,54,"Moderate",9,"UG/M3","1 Hr","Valid"
"674","Shanghai","PM2.5 - Principal","2021-01-30 12:00 AM",2021,1,30,0,12,50,"Good",15,"UG/M3","1 Hr","Valid"
"680","Shanghai","PM2.5 - Principal","2021-01-30 06:00 AM",2021,1,30,6,18.7,65,"Moderate",21,"UG/M3","1 Hr","Valid"
"686","Shanghai","PM2.5 - Principal","2021-01-30 12:00 PM",2021,1,30,12,42.4,118,"Unhealthy for Sensitive Groups",50,"UG/M3","1 Hr","Valid"
"692","Shanghai","PM2.5 - Principal","2021-01-30 06:00 PM",2021,1,30,18,35.9,102,"Unhealthy for Sensitive Groups",38,"UG/M3","1 Hr","Valid"
"698","Shanghai","PM2.5 - Principal","2021-01-31 12:00 AM",2021,1,31,0,18.2,64,"Moderate",15,"UG/M3","1 Hr","Valid"
"704","Shanghai","PM2.5 - Principal","2021-01-31 06:00 AM",2021,1,31,6,12.3,51,"Moderate",11,"UG/M3","1 Hr","Valid"
"710","Shanghai","PM2.5 - Principal","2021-01-31 12:00 PM",2021,1,31,12,14,55,"Moderate",13,"UG/M3","1 Hr","Valid"
"716","Shanghai","PM2.5 - Principal","2021-01-31 06:00 PM",2021,1,31,18,24.5,77,"Moderate",29,"UG/M3","1 Hr","Valid"
"722","Shanghai","PM2.5 - Principal","2021-02-01 12:00 AM",2021,2,1,0,44.7,124,"Unhealthy for Sensitive Groups",50,"UG/M3","1 Hr","Valid"
"728","Shanghai","PM2.5 - Principal","2021-02-01 06:00 AM",2021,2,1,6,48.7,134,"Unhealthy for Sensitive Groups",53,"UG/M3","1 Hr","Valid"
"734","Shanghai","PM2.5 - Principal","2021-02-01 12:00 PM",2021,2,1,12,48.1,132,"Unhealthy for Sensitive Groups",53,"UG/M3","1 Hr","Valid"
"740","Shanghai","PM2.5 - Principal","2021-02-01 06:00 PM",2021,2,1,18,45.1,125,"Unhealthy for Sensitive Groups",42,"UG/M3","1 Hr","Valid"
"746","Shanghai","PM2.5 - Principal","2021-02-02 12:00 AM",2021,2,2,0,54,147,"Unhealthy for Sensitive Groups",58,"UG/M3","1 Hr","Valid"
"752","Shanghai","PM2.5 - Principal","2021-02-02 06:00 AM",2021,2,2,6,70.1,159,"Unhealthy",65,"UG/M3","1 Hr","Valid"
"758","Shanghai","PM2.5 - Principal","2021-02-02 12:00 PM",2021,2,2,12,32.2,93,"Moderate",34,"UG/M3","1 Hr","Valid"
"764","Shanghai","PM2.5 - Principal","2021-02-02 06:00 PM",2021,2,2,18,20.5,69,"Moderate",16,"UG/M3","1 Hr","Valid"
"770","Shanghai","PM2.5 - Principal","2021-02-03 12:00 AM",2021,2,3,0,14.9,57,"Moderate",14,"UG/M3","1 Hr","Valid"
"776","Shanghai","PM2.5 - Principal","2021-02-03 06:00 AM",2021,2,3,6,15.5,58,"Moderate",17,"UG/M3","1 Hr","Valid"
"782","Shanghai","PM2.5 - Principal","2021-02-03 12:00 PM",2021,2,3,12,34.7,99,"Moderate",38,"UG/M3","1 Hr","Valid"
"788","Shanghai","PM2.5 - Principal","2021-02-03 06:00 PM",2021,2,3,18,28.7,86,"Moderate",26,"UG/M3","1 Hr","Valid"
"794","Shanghai","PM2.5 - Principal","2021-02-04 12:00 AM",2021,2,4,0,31.5,92,"Moderate",34,"UG/M3","1 Hr","Valid"
"800","Shanghai","PM2.5 - Principal","2021-02-04 06:00 AM",2021,2,4,6,69.7,158,"Unhealthy",69,"UG/M3","1 Hr","Valid"
"806","Shanghai","PM2.5 - Principal","2021-02-04 12:00 PM",2021,2,4,12,58.5,153,"Unhealthy",57,"UG/M3","1 Hr","Valid"
"812","Shanghai","PM2.5 - Principal","2021-02-04 06:00 PM",2021,2,4,18,33.1,95,"Moderate",25,"UG/M3","1 Hr","Valid"
"818","Shanghai","PM2.5 - Principal","2021-02-05 12:00 AM",2021,2,5,0,22.7,73,"Moderate",21,"UG/M3","1 Hr","Valid"
"824","Shanghai","PM2.5 - Principal","2021-02-05 06:00 AM",2021,2,5,6,21.7,71,"Moderate",22,"UG/M3","1 Hr","Valid"
"830","Shanghai","PM2.5 - Principal","2021-02-05 12:00 PM",2021,2,5,12,24.2,76,"Moderate",27,"UG/M3","1 Hr","Valid"
"836","Shanghai","PM2.5 - Principal","2021-02-05 06:00 PM",2021,2,5,18,42.5,118,"Unhealthy for Sensitive Groups",45,"UG/M3","1 Hr","Valid"
"842","Shanghai","PM2.5 - Principal","2021-02-06 12:00 AM",2021,2,6,0,52.8,144,"Unhealthy for Sensitive Groups",62,"UG/M3","1 Hr","Valid"
"848","Shanghai","PM2.5 - Principal","2021-02-06 06:00 AM",2021,2,6,6,68.3,158,"Unhealthy",69,"UG/M3","1 Hr","Valid"
"854","Shanghai","PM2.5 - Principal","2021-02-06 12:00 PM",2021,2,6,12,64.4,156,"Unhealthy",57,"UG/M3","1 Hr","Valid"
"860","Shanghai","PM2.5 - Principal","2021-02-06 06:00 PM",2021,2,6,18,37.4,106,"Unhealthy for Sensitive Groups",37,"UG/M3","1 Hr","Valid"
"866","Shanghai","PM2.5 - Principal","2021-02-07 12:00 AM",2021,2,7,0,54.5,148,"Unhealthy for Sensitive Groups",55,"UG/M3","1 Hr","Valid"
"872","Shanghai","PM2.5 - Principal","2021-02-07 06:00 AM",2021,2,7,6,66.3,157,"Unhealthy",64,"UG/M3","1 Hr","Valid"
"878","Shanghai","PM2.5 - Principal","2021-02-07 12:00 PM",2021,2,7,12,54.2,147,"Unhealthy for Sensitive Groups",37,"UG/M3","1 Hr","Valid"
"884","Shanghai","PM2.5 - Principal","2021-02-07 06:00 PM",2021,2,7,18,49.9,136,"Unhealthy for Sensitive Groups",47,"UG/M3","1 Hr","Valid"
"890","Shanghai","PM2.5 - Principal","2021-02-08 12:00 AM",2021,2,8,0,105.5,177,"Unhealthy",113,"UG/M3","1 Hr","Valid"
"896","Shanghai","PM2.5 - Principal","2021-02-08 06:00 AM",2021,2,8,6,17.5,62,"Moderate",15,"UG/M3","1 Hr","Valid"
"902","Shanghai","PM2.5 - Principal","2021-02-08 12:00 PM",2021,2,8,12,14.3,56,"Moderate",17,"UG/M3","1 Hr","Valid"
"908","Shanghai","PM2.5 - Principal","2021-02-08 06:00 PM",2021,2,8,18,10.6,44,"Good",8,"UG/M3","1 Hr","Valid"
"914","Shanghai","PM2.5 - Principal","2021-02-09 12:00 AM",2021,2,9,0,11.4,48,"Good",13,"UG/M3","1 Hr","Valid"
"920","Shanghai","PM2.5 - Principal","2021-02-09 06:00 AM",2021,2,9,6,10.6,44,"Good",11,"UG/M3","1 Hr","Valid"
"926","Shanghai","PM2.5 - Principal","2021-02-09 12:00 PM",2021,2,9,12,16.9,61,"Moderate",17,"UG/M3","1 Hr","Valid"
"932","Shanghai","PM2.5 - Principal","2021-02-09 06:00 PM",2021,2,9,18,11.8,49,"Good",11,"UG/M3","1 Hr","Valid"
"938","Shanghai","PM2.5 - Principal","2021-02-10 12:00 AM",2021,2,10,0,14.7,56,"Moderate",15,"UG/M3","1 Hr","Valid"
"944","Shanghai","PM2.5 - Principal","2021-02-10 06:00 AM",2021,2,10,6,13.1,53,"Moderate",15,"UG/M3","1 Hr","Valid"
"950","Shanghai","PM2.5 - Principal","2021-02-10 12:00 PM",2021,2,10,12,16.3,60,"Moderate",15,"UG/M3","1 Hr","Valid"
"956","Shanghai","PM2.5 - Principal","2021-02-10 06:00 PM",2021,2,10,18,12.4,52,"Moderate",11,"UG/M3","1 Hr","Valid"
"962","Shanghai","PM2.5 - Principal","2021-02-11 12:00 AM",2021,2,11,0,15.6,58,"Moderate",14,"UG/M3","1 Hr","Valid"
"968","Shanghai","PM2.5 - Principal","2021-02-11 06:00 AM",2021,2,11,6,13.6,54,"Moderate",11,"UG/M3","1 Hr","Valid"
"974","Shanghai","PM2.5 - Principal","2021-02-11 12:00 PM",2021,2,11,12,13.6,54,"Moderate",12,"UG/M3","1 Hr","Valid"
"980","Shanghai","PM2.5 - Principal","2021-02-11 06:00 PM",2021,2,11,18,12.3,51,"Moderate",15,"UG/M3","1 Hr","Valid"
"986","Shanghai","PM2.5 - Principal","2021-02-12 12:00 AM",2021,2,12,0,16.6,60,"Moderate",16,"UG/M3","1 Hr","Valid"
"992","Shanghai","PM2.5 - Principal","2021-02-12 06:00 AM",2021,2,12,6,13.6,54,"Moderate",13,"UG/M3","1 Hr","Valid"
"998","Shanghai","PM2.5 - Principal","2021-02-12 12:00 PM",2021,2,12,12,16.5,60,"Moderate",16,"UG/M3","1 Hr","Valid"
"1004","Shanghai","PM2.5 - Principal","2021-02-12 06:00 PM",2021,2,12,18,18.4,64,"Moderate",17,"UG/M3","1 Hr","Valid"
"1010","Shanghai","PM2.5 - Principal","2021-02-13 12:00 AM",2021,2,13,0,23.2,74,"Moderate",24,"UG/M3","1 Hr","Valid"
"1016","Shanghai","PM2.5 - Principal","2021-02-13 06:00 AM",2021,2,13,6,24.7,77,"Moderate",25,"UG/M3","1 Hr","Valid"
"1022","Shanghai","PM2.5 - Principal","2021-02-13 12:00 PM",2021,2,13,12,22.3,72,"Moderate",21,"UG/M3","1 Hr","Valid"
"1028","Shanghai","PM2.5 - Principal","2021-02-13 06:00 PM",2021,2,13,18,17.3,62,"Moderate",18,"UG/M3","1 Hr","Valid"
"1034","Shanghai","PM2.5 - Principal","2021-02-14 12:00 AM",2021,2,14,0,25.8,80,"Moderate",27,"UG/M3","1 Hr","Valid"
"1040","Shanghai","PM2.5 - Principal","2021-02-14 06:00 AM",2021,2,14,6,42.5,118,"Unhealthy for Sensitive Groups",42,"UG/M3","1 Hr","Valid"
"1046","Shanghai","PM2.5 - Principal","2021-02-14 12:00 PM",2021,2,14,12,34.7,99,"Moderate",29,"UG/M3","1 Hr","Valid"
"1052","Shanghai","PM2.5 - Principal","2021-02-14 06:00 PM",2021,2,14,18,23.9,76,"Moderate",24,"UG/M3","1 Hr","Valid"
"1058","Shanghai","PM2.5 - Principal","2021-02-15 12:00 AM",2021,2,15,0,42.1,117,"Unhealthy for Sensitive Groups",54,"UG/M3","1 Hr","Valid"
"1064","Shanghai","PM2.5 - Principal","2021-02-15 06:00 AM",2021,2,15,6,36,102,"Unhealthy for Sensitive Groups",35,"UG/M3","1 Hr","Valid"
"1070","Shanghai","PM2.5 - Principal","2021-02-15 12:00 PM",2021,2,15,12,52.8,144,"Unhealthy for Sensitive Groups",51,"UG/M3","1 Hr","Valid"
"1076","Shanghai","PM2.5 - Principal","2021-02-15 06:00 PM",2021,2,15,18,25.7,80,"Moderate",21,"UG/M3","1 Hr","Valid"
"1082","Shanghai","PM2.5 - Principal","2021-02-16 12:00 AM",2021,2,16,0,15.7,59,"Moderate",15,"UG/M3","1 Hr","Valid"
"1088","Shanghai","PM2.5 - Principal","2021-02-16 06:00 AM",2021,2,16,6,9.4,39,"Good",4,"UG/M3","1 Hr","Valid"
"1094","Shanghai","PM2.5 - Principal","2021-02-16 12:00 PM",2021,2,16,12,19.1,66,"Moderate",23,"UG/M3","1 Hr","Valid"
"1100","Shanghai","PM2.5 - Principal","2021-02-16 06:00 PM",2021,2,16,18,35.5,101,"Unhealthy for Sensitive Groups",38,"UG/M3","1 Hr","Valid"
"1106","Shanghai","PM2.5 - Principal","2021-02-17 12:00 AM",2021,2,17,0,65.5,156,"Unhealthy",71,"UG/M3","1 Hr","Valid"
"1112","Shanghai","PM2.5 - Principal","2021-02-17 06:00 AM",2021,2,17,6,12.5,52,"Moderate",10,"UG/M3","1 Hr","Valid"
"1118","Shanghai","PM2.5 - Principal","2021-02-17 12:00 PM",2021,2,17,12,13.5,54,"Moderate",14,"UG/M3","1 Hr","Valid"
"1124","Shanghai","PM2.5 - Principal","2021-02-17 06:00 PM",2021,2,17,18,19.8,67,"Moderate",20,"UG/M3","1 Hr","Valid"
"1130","Shanghai","PM2.5 - Principal","2021-02-18 12:00 AM",2021,2,18,0,17.2,62,"Moderate",19,"UG/M3","1 Hr","Valid"
"1136","Shanghai","PM2.5 - Principal","2021-02-18 06:00 AM",2021,2,18,6,19,66,"Moderate",17,"UG/M3","1 Hr","Valid"
"1142","Shanghai","PM2.5 - Principal","2021-02-18 12:00 PM",2021,2,18,12,26.5,81,"Moderate",29,"UG/M3","1 Hr","Valid"
"1148","Shanghai","PM2.5 - Principal","2021-02-18 06:00 PM",2021,2,18,18,17,61,"Moderate",19,"UG/M3","1 Hr","Valid"
"1154","Shanghai","PM2.5 - Principal","2021-02-19 12:00 AM",2021,2,19,0,26.5,81,"Moderate",30,"UG/M3","1 Hr","Valid"
"1160","Shanghai","PM2.5 - Principal","2021-02-19 06:00 AM",2021,2,19,6,40.2,113,"Unhealthy for Sensitive Groups",48,"UG/M3","1 Hr","Valid"
"1166","Shanghai","PM2.5 - Principal","2021-02-19 12:00 PM",2021,2,19,12,39.6,111,"Unhealthy for Sensitive Groups",46,"UG/M3","1 Hr","Valid"
"1172","Shanghai","PM2.5 - Principal","2021-02-19 06:00 PM",2021,2,19,18,36.2,103,"Unhealthy for Sensitive Groups",48,"UG/M3","1 Hr","Valid"
"1178","Shanghai","PM2.5 - Principal","2021-02-20 12:00 AM",2021,2,20,0,38,107,"Unhealthy for Sensitive Groups",37,"UG/M3","1 Hr","Valid"
"1184","Shanghai","PM2.5 - Principal","2021-02-20 06:00 AM",2021,2,20,6,36.3,103,"Unhealthy for Sensitive Groups",35,"UG/M3","1 Hr","Valid"
"1190","Shanghai","PM2.5 - Principal","2021-02-20 12:00 PM",2021,2,20,12,23.3,75,"Moderate",17,"UG/M3","1 Hr","Valid"
"1196","Shanghai","PM2.5 - Principal","2021-02-20 06:00 PM",2021,2,20,18,21.3,70,"Moderate",22,"UG/M3","1 Hr","Valid"
"1202","Shanghai","PM2.5 - Principal","2021-02-21 12:00 AM",2021,2,21,0,25.5,79,"Moderate",25,"UG/M3","1 Hr","Valid"
"1208","Shanghai","PM2.5 - Principal","2021-02-21 06:00 AM",2021,2,21,6,25.8,80,"Moderate",23,"UG/M3","1 Hr","Valid"
"1213","Shanghai","PM2.5 - Principal","2021-02-21 12:00 PM",2021,2,21,12,25.8,80,"Moderate",24,"UG/M3","1 Hr","Valid"
"1219","Shanghai","PM2.5 - Principal","2021-02-21 06:00 PM",2021,2,21,18,22.3,72,"Moderate",24,"UG/M3","1 Hr","Valid"
"1225","Shanghai","PM2.5 - Principal","2021-02-22 12:00 AM",2021,2,22,0,31.9,93,"Moderate",33,"UG/M3","1 Hr","Valid"
"1231","Shanghai","PM2.5 - Principal","2021-02-22 06:00 AM",2021,2,22,6,35.1,99,"Moderate",33,"UG/M3","1 Hr","Valid"
"1237","Shanghai","PM2.5 - Principal","2021-02-22 12:00 PM",2021,2,22,12,34.7,99,"Moderate",31,"UG/M3","1 Hr","Valid"
"1243","Shanghai","PM2.5 - Principal","2021-02-22 06:00 PM",2021,2,22,18,69.9,158,"Unhealthy",74,"UG/M3","1 Hr","Valid"
"1249","Shanghai","PM2.5 - Principal","2021-02-23 12:00 AM",2021,2,23,0,27.5,83,"Moderate",25,"UG/M3","1 Hr","Valid"
"1255","Shanghai","PM2.5 - Principal","2021-02-23 06:00 AM",2021,2,23,6,11.9,50,"Good",10,"UG/M3","1 Hr","Valid"
"1261","Shanghai","PM2.5 - Principal","2021-02-23 12:00 PM",2021,2,23,12,16.9,61,"Moderate",16,"UG/M3","1 Hr","Valid"
"1267","Shanghai","PM2.5 - Principal","2021-02-23 06:00 PM",2021,2,23,18,13.7,54,"Moderate",13,"UG/M3","1 Hr","Valid"
"1273","Shanghai","PM2.5 - Principal","2021-02-24 12:00 AM",2021,2,24,0,10.3,43,"Good",9,"UG/M3","1 Hr","Valid"
"1279","Shanghai","PM2.5 - Principal","2021-02-24 06:00 AM",2021,2,24,6,8.4,35,"Good",7,"UG/M3","1 Hr","Valid"
"1285","Shanghai","PM2.5 - Principal","2021-02-24 12:00 PM",2021,2,24,12,12.5,52,"Moderate",10,"UG/M3","1 Hr","Valid"
"1291","Shanghai","PM2.5 - Principal","2021-02-24 06:00 PM",2021,2,24,18,12.1,51,"Moderate",12,"UG/M3","1 Hr","Valid"
"1297","Shanghai","PM2.5 - Principal","2021-02-25 12:00 AM",2021,2,25,0,13.9,55,"Moderate",15,"UG/M3","1 Hr","Valid"
"1303","Shanghai","PM2.5 - Principal","2021-02-25 06:00 AM",2021,2,25,6,19.6,67,"Moderate",21,"UG/M3","1 Hr","Valid"
"1309","Shanghai","PM2.5 - Principal","2021-02-25 12:00 PM",2021,2,25,12,24.9,78,"Moderate",27,"UG/M3","1 Hr","Valid"
"1315","Shanghai","PM2.5 - Principal","2021-02-25 06:00 PM",2021,2,25,18,19.6,67,"Moderate",18,"UG/M3","1 Hr","Valid"
"1321","Shanghai","PM2.5 - Principal","2021-02-26 12:00 AM",2021,2,26,0,10.3,43,"Good",7,"UG/M3","1 Hr","Valid"
"1327","Shanghai","PM2.5 - Principal","2021-02-26 06:00 AM",2021,2,26,6,7.6,32,"Good",7,"UG/M3","1 Hr","Valid"
"1333","Shanghai","PM2.5 - Principal","2021-02-26 12:00 PM",2021,2,26,12,15.9,59,"Moderate",19,"UG/M3","1 Hr","Valid"
"1339","Shanghai","PM2.5 - Principal","2021-02-26 06:00 PM",2021,2,26,18,23.3,75,"Moderate",28,"UG/M3","1 Hr","Valid"
"1345","Shanghai","PM2.5 - Principal","2021-02-27 12:00 AM",2021,2,27,0,17.9,63,"Moderate",16,"UG/M3","1 Hr","Valid"
"1351","Shanghai","PM2.5 - Principal","2021-02-27 06:00 AM",2021,2,27,6,19.9,67,"Moderate",23,"UG/M3","1 Hr","Valid"
"1357","Shanghai","PM2.5 - Principal","2021-02-27 12:00 PM",2021,2,27,12,18.9,65,"Moderate",20,"UG/M3","1 Hr","Valid"
"1363","Shanghai","PM2.5 - Principal","2021-02-27 06:00 PM",2021,2,27,18,8.3,35,"Good",6,"UG/M3","1 Hr","Valid"
"1369","Shanghai","PM2.5 - Principal","2021-02-28 12:00 AM",2021,2,28,0,9.4,39,"Good",8,"UG/M3","1 Hr","Valid"
"1375","Shanghai","PM2.5 - Principal","2021-02-28 06:00 AM",2021,2,28,6,8.1,34,"Good",8,"UG/M3","1 Hr","Valid"
"1381","Shanghai","PM2.5 - Principal","2021-02-28 12:00 PM",2021,2,28,12,11.8,49,"Good",13,"UG/M3","1 Hr","Valid"
"1387","Shanghai","PM2.5 - Principal","2021-02-28 06:00 PM",2021,2,28,18,16.3,60,"Moderate",20,"UG/M3","1 Hr","Valid"
"1393","Shanghai","PM2.5 - Principal","2021-03-01 12:00 AM",2021,3,1,0,29.9,88,"Moderate",31,"UG/M3","1 Hr","Valid"
"1399","Shanghai","PM2.5 - Principal","2021-03-01 06:00 AM",2021,3,1,6,31.3,91,"Moderate",32,"UG/M3","1 Hr","Valid"
"1405","Shanghai","PM2.5 - Principal","2021-03-01 12:00 PM",2021,3,1,12,44.1,122,"Unhealthy for Sensitive Groups",42,"UG/M3","1 Hr","Valid"
"1411","Shanghai","PM2.5 - Principal","2021-03-01 06:00 PM",2021,3,1,18,8.8,37,"Good",3,"UG/M3","1 Hr","Valid"
"1417","Shanghai","PM2.5 - Principal","2021-03-02 12:00 AM",2021,3,2,0,11.6,48,"Good",13,"UG/M3","1 Hr","Valid"
"1423","Shanghai","PM2.5 - Principal","2021-03-02 06:00 AM",2021,3,2,6,26.8,82,"Moderate",29,"UG/M3","1 Hr","Valid"
"1429","Shanghai","PM2.5 - Principal","2021-03-02 12:00 PM",2021,3,2,12,40.9,114,"Unhealthy for Sensitive Groups",46,"UG/M3","1 Hr","Valid"
"1435","Shanghai","PM2.5 - Principal","2021-03-02 06:00 PM",2021,3,2,18,17,61,"Moderate",13,"UG/M3","1 Hr","Valid"
"1441","Shanghai","PM2.5 - Principal","2021-03-03 12:00 AM",2021,3,3,0,15.7,59,"Moderate",14,"UG/M3","1 Hr","Valid"
"1447","Shanghai","PM2.5 - Principal","2021-03-03 06:00 AM",2021,3,3,6,14.7,56,"Moderate",15,"UG/M3","1 Hr","Valid"
"1453","Shanghai","PM2.5 - Principal","2021-03-03 12:00 PM",2021,3,3,12,18,63,"Moderate",20,"UG/M3","1 Hr","Valid"
"1459","Shanghai","PM2.5 - Principal","2021-03-03 06:00 PM",2021,3,3,18,10.2,43,"Good",10,"UG/M3","1 Hr","Valid"
"1465","Shanghai","PM2.5 - Principal","2021-03-04 12:00 AM",2021,3,4,0,11.8,49,"Good",10,"UG/M3","1 Hr","Valid"
"1471","Shanghai","PM2.5 - Principal","2021-03-04 06:00 AM",2021,3,4,6,13.4,54,"Moderate",11,"UG/M3","1 Hr","Valid"
"1476","Shanghai","PM2.5 - Principal","2021-03-04 12:00 PM",2021,3,4,12,33.4,96,"Moderate",39,"UG/M3","1 Hr","Valid"
"1482","Shanghai","PM2.5 - Principal","2021-03-04 06:00 PM",2021,3,4,18,55.9,151,"Unhealthy",61,"UG/M3","1 Hr","Valid"
"1488","Shanghai","PM2.5 - Principal","2021-03-05 12:00 AM",2021,3,5,0,53.4,145,"Unhealthy for Sensitive Groups",49,"UG/M3","1 Hr","Valid"
"1494","Shanghai","PM2.5 - Principal","2021-03-05 06:00 AM",2021,3,5,6,53,144,"Unhealthy for Sensitive Groups",62,"UG/M3","1 Hr","Valid"
"1500","Shanghai","PM2.5 - Principal","2021-03-05 12:00 PM",2021,3,5,12,29,87,"Moderate",24,"UG/M3","1 Hr","Valid"
"1506","Shanghai","PM2.5 - Principal","2021-03-05 06:00 PM",2021,3,5,18,12.9,53,"Moderate",12,"UG/M3","1 Hr","Valid"
"1512","Shanghai","PM2.5 - Principal","2021-03-06 12:00 AM",2021,3,6,0,22.4,73,"Moderate",25,"UG/M3","1 Hr","Valid"
"1518","Shanghai","PM2.5 - Principal","2021-03-06 06:00 AM",2021,3,6,6,13.9,55,"Moderate",15,"UG/M3","1 Hr","Valid"
"1524","Shanghai","PM2.5 - Principal","2021-03-06 12:00 PM",2021,3,6,12,15.7,59,"Moderate",19,"UG/M3","1 Hr","Valid"
"1530","Shanghai","PM2.5 - Principal","2021-03-06 06:00 PM",2021,3,6,18,39.3,110,"Unhealthy for Sensitive Groups",41,"UG/M3","1 Hr","Valid"
"1536","Shanghai","PM2.5 - Principal","2021-03-07 12:00 AM",2021,3,7,0,22.4,73,"Moderate",20,"UG/M3","1 Hr","Valid"
"1542","Shanghai","PM2.5 - Principal","2021-03-07 06:00 AM",2021,3,7,6,14.5,56,"Moderate",12,"UG/M3","1 Hr","Valid"
"1548","Shanghai","PM2.5 - Principal","2021-03-07 12:00 PM",2021,3,7,12,12.7,52,"Moderate",14,"UG/M3","1 Hr","Valid"
"1553","Shanghai","PM2.5 - Principal","2021-03-07 06:00 PM",2021,3,7,18,17.5,62,"Moderate",17,"UG/M3","1 Hr","Valid"
"1559","Shanghai","PM2.5 - Principal","2021-03-08 12:00 AM",2021,3,8,0,31.1,91,"Moderate",35,"UG/M3","1 Hr","Valid"
"1565","Shanghai","PM2.5 - Principal","2021-03-08 06:00 AM",2021,3,8,6,28.7,86,"Moderate",26,"UG/M3","1 Hr","Valid"
"1571","Shanghai","PM2.5 - Principal","2021-03-08 12:00 PM",2021,3,8,12,27.6,84,"Moderate",24,"UG/M3","1 Hr","Valid"
"1577","Shanghai","PM2.5 - Principal","2021-03-08 06:00 PM",2021,3,8,18,18.5,64,"Moderate",15,"UG/M3","1 Hr","Valid"
"1583","Shanghai","PM2.5 - Principal","2021-03-09 12:00 AM",2021,3,9,0,21.2,70,"Moderate",24,"UG/M3","1 Hr","Valid"
"1589","Shanghai","PM2.5 - Principal","2021-03-09 06:00 AM",2021,3,9,6,17.3,62,"Moderate",14,"UG/M3","1 Hr","Valid"
"1595","Shanghai","PM2.5 - Principal","2021-03-09 12:00 PM",2021,3,9,12,27,82,"Moderate",29,"UG/M3","1 Hr","Valid"
"1601","Shanghai","PM2.5 - Principal","2021-03-09 06:00 PM",2021,3,9,18,28.9,86,"Moderate",25,"UG/M3","1 Hr","Valid"
"1607","Shanghai","PM2.5 - Principal","2021-03-10 12:00 AM",2021,3,10,0,27.6,84,"Moderate",25,"UG/M3","1 Hr","Valid"
"1613","Shanghai","PM2.5 - Principal","2021-03-10 06:00 AM",2021,3,10,6,25.4,79,"Moderate",23,"UG/M3","1 Hr","Valid"
"1619","Shanghai","PM2.5 - Principal","2021-03-10 12:00 PM",2021,3,10,12,28.5,85,"Moderate",26,"UG/M3","1 Hr","Valid"
"1625","Shanghai","PM2.5 - Principal","2021-03-10 06:00 PM",2021,3,10,18,45.6,126,"Unhealthy for Sensitive Groups",52,"UG/M3","1 Hr","Valid"
"1631","Shanghai","PM2.5 - Principal","2021-03-11 12:00 AM",2021,3,11,0,42.9,119,"Unhealthy for Sensitive Groups",40,"UG/M3","1 Hr","Valid"
"1637","Shanghai","PM2.5 - Principal","2021-03-11 06:00 AM",2021,3,11,6,46.2,127,"Unhealthy for Sensitive Groups",43,"UG/M3","1 Hr","Valid"
"1643","Shanghai","PM2.5 - Principal","2021-03-11 12:00 PM",2021,3,11,12,44.3,123,"Unhealthy for Sensitive Groups",42,"UG/M3","1 Hr","Valid"
"1649","Shanghai","PM2.5 - Principal","2021-03-11 06:00 PM",2021,3,11,18,32.9,95,"Moderate",35,"UG/M3","1 Hr","Valid"
"1655","Shanghai","PM2.5 - Principal","2021-03-12 12:00 AM",2021,3,12,0,49.9,136,"Unhealthy for Sensitive Groups",51,"UG/M3","1 Hr","Valid"
"1661","Shanghai","PM2.5 - Principal","2021-03-12 06:00 AM",2021,3,12,6,54.6,148,"Unhealthy for Sensitive Groups",55,"UG/M3","1 Hr","Valid"
"1667","Shanghai","PM2.5 - Principal","2021-03-12 12:00 PM",2021,3,12,12,45.5,126,"Unhealthy for Sensitive Groups",39,"UG/M3","1 Hr","Valid"
"1673","Shanghai","PM2.5 - Principal","2021-03-12 06:00 PM",2021,3,12,18,30.7,90,"Moderate",26,"UG/M3","1 Hr","Valid"
"1679","Shanghai","PM2.5 - Principal","2021-03-13 12:00 AM",2021,3,13,0,30.8,90,"Moderate",30,"UG/M3","1 Hr","Valid"
"1685","Shanghai","PM2.5 - Principal","2021-03-13 06:00 AM",2021,3,13,6,50.2,137,"Unhealthy for Sensitive Groups",55,"UG/M3","1 Hr","Valid"
"1691","Shanghai","PM2.5 - Principal","2021-03-13 12:00 PM",2021,3,13,12,56.4,151,"Unhealthy",52,"UG/M3","1 Hr","Valid"
"1697","Shanghai","PM2.5 - Principal","2021-03-13 06:00 PM",2021,3,13,18,63.7,155,"Unhealthy",72,"UG/M3","1 Hr","Valid"
"1703","Shanghai","PM2.5 - Principal","2021-03-14 12:00 AM",2021,3,14,0,89.4,169,"Unhealthy",90,"UG/M3","1 Hr","Valid"
"1709","Shanghai","PM2.5 - Principal","2021-03-14 06:00 AM",2021,3,14,6,71.9,159,"Unhealthy",65,"UG/M3","1 Hr","Valid"
"1715","Shanghai","PM2.5 - Principal","2021-03-14 12:00 PM",2021,3,14,12,39.9,112,"Unhealthy for Sensitive Groups",31,"UG/M3","1 Hr","Valid"
"1721","Shanghai","PM2.5 - Principal","2021-03-14 06:00 PM",2021,3,14,18,36.5,103,"Unhealthy for Sensitive Groups",38,"UG/M3","1 Hr","Valid"
"1727","Shanghai","PM2.5 - Principal","2021-03-15 12:00 AM",2021,3,15,0,42.1,117,"Unhealthy for Sensitive Groups",42,"UG/M3","1 Hr","Valid"
"1733","Shanghai","PM2.5 - Principal","2021-03-15 06:00 AM",2021,3,15,6,33.8,97,"Moderate",33,"UG/M3","1 Hr","Valid"
"1739","Shanghai","PM2.5 - Principal","2021-03-15 12:00 PM",2021,3,15,12,34.7,99,"Moderate",37,"UG/M3","1 Hr","Valid"
"1745","Shanghai","PM2.5 - Principal","2021-03-15 06:00 PM",2021,3,15,18,37.6,106,"Unhealthy for Sensitive Groups",44,"UG/M3","1 Hr","Valid"
"1751","Shanghai","PM2.5 - Principal","2021-03-16 12:00 AM",2021,3,16,0,60.8,154,"Unhealthy",60,"UG/M3","1 Hr","Valid"
"1756","Shanghai","PM2.5 - Principal","2021-03-16 06:00 AM",2021,3,16,6,35.7,101,"Unhealthy for Sensitive Groups",31,"UG/M3","1 Hr","Valid"
"1762","Shanghai","PM2.5 - Principal","2021-03-16 12:00 PM",2021,3,16,12,27.9,84,"Moderate",32,"UG/M3","1 Hr","Valid"
"1768","Shanghai","PM2.5 - Principal","2021-03-16 06:00 PM",2021,3,16,18,27.2,83,"Moderate",23,"UG/M3","1 Hr","Valid"
"1774","Shanghai","PM2.5 - Principal","2021-03-17 12:00 AM",2021,3,17,0,27.3,83,"Moderate",30,"UG/M3","1 Hr","Valid"
"1780","Shanghai","PM2.5 - Principal","2021-03-17 06:00 AM",2021,3,17,6,29.4,87,"Moderate",28,"UG/M3","1 Hr","Valid"
"1786","Shanghai","PM2.5 - Principal","2021-03-17 12:00 PM",2021,3,17,12,21,70,"Moderate",21,"UG/M3","1 Hr","Valid"
"1792","Shanghai","PM2.5 - Principal","2021-03-17 06:00 PM",2021,3,17,18,18.3,64,"Moderate",22,"UG/M3","1 Hr","Valid"
"1798","Shanghai","PM2.5 - Principal","2021-03-18 12:00 AM",2021,3,18,0,16.2,60,"Moderate",13,"UG/M3","1 Hr","Valid"
"1804","Shanghai","PM2.5 - Principal","2021-03-18 06:00 AM",2021,3,18,6,15.6,58,"Moderate",16,"UG/M3","1 Hr","Valid"
"1813","Shanghai","PM2.5 - Principal","2021-03-18 06:00 PM",2021,3,18,18,23.5,75,"Moderate",24,"UG/M3","1 Hr","Valid"
"1819","Shanghai","PM2.5 - Principal","2021-03-19 12:00 AM",2021,3,19,0,21.2,70,"Moderate",22,"UG/M3","1 Hr","Valid"
"1825","Shanghai","PM2.5 - Principal","2021-03-19 06:00 AM",2021,3,19,6,16.4,60,"Moderate",16,"UG/M3","1 Hr","Valid"
"1831","Shanghai","PM2.5 - Principal","2021-03-19 12:00 PM",2021,3,19,12,23.5,75,"Moderate",27,"UG/M3","1 Hr","Valid"
"1837","Shanghai","PM2.5 - Principal","2021-03-19 06:00 PM",2021,3,19,18,22.6,73,"Moderate",24,"UG/M3","1 Hr","Valid"
"1843","Shanghai","PM2.5 - Principal","2021-03-20 12:00 AM",2021,3,20,0,37.7,106,"Unhealthy for Sensitive Groups",41,"UG/M3","1 Hr","Valid"
"1849","Shanghai","PM2.5 - Principal","2021-03-20 06:00 AM",2021,3,20,6,14.2,55,"Moderate",11,"UG/M3","1 Hr","Valid"
"1855","Shanghai","PM2.5 - Principal","2021-03-20 12:00 PM",2021,3,20,12,16.5,60,"Moderate",18,"UG/M3","1 Hr","Valid"
"1861","Shanghai","PM2.5 - Principal","2021-03-20 06:00 PM",2021,3,20,18,32,93,"Moderate",37,"UG/M3","1 Hr","Valid"
"1867","Shanghai","PM2.5 - Principal","2021-03-21 12:00 AM",2021,3,21,0,53.4,145,"Unhealthy for Sensitive Groups",54,"UG/M3","1 Hr","Valid"
"1873","Shanghai","PM2.5 - Principal","2021-03-21 06:00 AM",2021,3,21,6,77.3,162,"Unhealthy",85,"UG/M3","1 Hr","Valid"
"1879","Shanghai","PM2.5 - Principal","2021-03-21 12:00 PM",2021,3,21,12,82.1,165,"Unhealthy",81,"UG/M3","1 Hr","Valid"
"1885","Shanghai","PM2.5 - Principal","2021-03-21 06:00 PM",2021,3,21,18,28.7,86,"Moderate",15,"UG/M3","1 Hr","Valid"
"1891","Shanghai","PM2.5 - Principal","2021-03-22 12:00 AM",2021,3,22,0,12.9,53,"Moderate",14,"UG/M3","1 Hr","Valid"
"1897","Shanghai","PM2.5 - Principal","2021-03-22 06:00 AM",2021,3,22,6,20.4,68,"Moderate",23,"UG/M3","1 Hr","Valid"
"1903","Shanghai","PM2.5 - Principal","2021-03-22 12:00 PM",2021,3,22,12,33.8,97,"Moderate",38,"UG/M3","1 Hr","Valid"
"1909","Shanghai","PM2.5 - Principal","2021-03-22 06:00 PM",2021,3,22,18,27.7,84,"Moderate",28,"UG/M3","1 Hr","Valid"
"1915","Shanghai","PM2.5 - Principal","2021-03-23 12:00 AM",2021,3,23,0,50.9,139,"Unhealthy for Sensitive Groups",55,"UG/M3","1 Hr","Valid"
"1921","Shanghai","PM2.5 - Principal","2021-03-23 06:00 AM",2021,3,23,6,57.9,152,"Unhealthy",61,"UG/M3","1 Hr","Valid"
"1926","Shanghai","PM2.5 - Principal","2021-03-23 12:00 PM",2021,3,23,12,56.3,151,"Unhealthy",57,"UG/M3","1 Hr","Valid"
"1932","Shanghai","PM2.5 - Principal","2021-03-23 06:00 PM",2021,3,23,18,26.1,80,"Moderate",23,"UG/M3","1 Hr","Valid"
"1938","Shanghai","PM2.5 - Principal","2021-03-24 12:00 AM",2021,3,24,0,18.8,65,"Moderate",12,"UG/M3","1 Hr","Valid"
"1944","Shanghai","PM2.5 - Principal","2021-03-24 06:00 AM",2021,3,24,6,17.5,62,"Moderate",19,"UG/M3","1 Hr","Valid"
"1950","Shanghai","PM2.5 - Principal","2021-03-24 12:00 PM",2021,3,24,12,29.8,88,"Moderate",33,"UG/M3","1 Hr","Valid"
"1955","Shanghai","PM2.5 - Principal","2021-03-24 06:00 PM",2021,3,24,18,20,68,"Moderate",19,"UG/M3","1 Hr","Valid"
"1961","Shanghai","PM2.5 - Principal","2021-03-25 12:00 AM",2021,3,25,0,19.3,66,"Moderate",20,"UG/M3","1 Hr","Valid"
"1967","Shanghai","PM2.5 - Principal","2021-03-25 06:00 AM",2021,3,25,6,24,76,"Moderate",25,"UG/M3","1 Hr","Valid"
"1973","Shanghai","PM2.5 - Principal","2021-03-25 12:00 PM",2021,3,25,12,53.6,146,"Unhealthy for Sensitive Groups",52,"UG/M3","1 Hr","Valid"
"1979","Shanghai","PM2.5 - Principal","2021-03-25 06:00 PM",2021,3,25,18,25.3,79,"Moderate",23,"UG/M3","1 Hr","Valid"
"1985","Shanghai","PM2.5 - Principal","2021-03-26 12:00 AM",2021,3,26,0,42.6,118,"Unhealthy for Sensitive Groups",44,"UG/M3","1 Hr","Valid"
"1991","Shanghai","PM2.5 - Principal","2021-03-26 06:00 AM",2021,3,26,6,29.5,88,"Moderate",30,"UG/M3","1 Hr","Valid"
"2002","Shanghai","PM2.5 - Principal","2021-03-26 06:00 PM",2021,3,26,18,13.2,53,"Moderate",10,"UG/M3","1 Hr","Valid"
"2008","Shanghai","PM2.5 - Principal","2021-03-27 12:00 AM",2021,3,27,0,8.1,34,"Good",7,"UG/M3","1 Hr","Valid"
"2014","Shanghai","PM2.5 - Principal","2021-03-27 06:00 AM",2021,3,27,6,16.2,60,"Moderate",17,"UG/M3","1 Hr","Valid"
"2020","Shanghai","PM2.5 - Principal","2021-03-27 12:00 PM",2021,3,27,12,26.6,81,"Moderate",29,"UG/M3","1 Hr","Valid"
"2026","Shanghai","PM2.5 - Principal","2021-03-27 06:00 PM",2021,3,27,18,36.1,102,"Unhealthy for Sensitive Groups",33,"UG/M3","1 Hr","Valid"
"2032","Shanghai","PM2.5 - Principal","2021-03-28 12:00 AM",2021,3,28,0,44.7,124,"Unhealthy for Sensitive Groups",49,"UG/M3","1 Hr","Valid"
"2038","Shanghai","PM2.5 - Principal","2021-03-28 06:00 AM",2021,3,28,6,47.8,131,"Unhealthy for Sensitive Groups",51,"UG/M3","1 Hr","Valid"
"2044","Shanghai","PM2.5 - Principal","2021-03-28 12:00 PM",2021,3,28,12,59.8,153,"Unhealthy",69,"UG/M3","1 Hr","Valid"
"2050","Shanghai","PM2.5 - Principal","2021-03-28 06:00 PM",2021,3,28,18,44.3,123,"Unhealthy for Sensitive Groups",38,"UG/M3","1 Hr","Valid"
"2056","Shanghai","PM2.5 - Principal","2021-03-29 12:00 AM",2021,3,29,0,68.8,158,"Unhealthy",67,"UG/M3","1 Hr","Valid"
"2062","Shanghai","PM2.5 - Principal","2021-03-29 06:00 AM",2021,3,29,6,63.6,155,"Unhealthy",62,"UG/M3","1 Hr","Valid"
"2068","Shanghai","PM2.5 - Principal","2021-03-29 12:00 PM",2021,3,29,12,55,149,"Unhealthy for Sensitive Groups",54,"UG/M3","1 Hr","Valid"
"2074","Shanghai","PM2.5 - Principal","2021-03-29 06:00 PM",2021,3,29,18,25.6,79,"Moderate",20,"UG/M3","1 Hr","Valid"
"2080","Shanghai","PM2.5 - Principal","2021-03-30 12:00 AM",2021,3,30,0,38.5,108,"Unhealthy for Sensitive Groups",42,"UG/M3","1 Hr","Valid"
"2086","Shanghai","PM2.5 - Principal","2021-03-30 06:00 AM",2021,3,30,6,35.3,100,"Moderate",31,"UG/M3","1 Hr","Valid"
"2092","Shanghai","PM2.5 - Principal","2021-03-30 12:00 PM",2021,3,30,12,122.3,185,"Unhealthy",142,"UG/M3","1 Hr","Valid"
"2098","Shanghai","PM2.5 - Principal","2021-03-30 06:00 PM",2021,3,30,18,75,161,"Unhealthy",68,"UG/M3","1 Hr","Valid"
"2104","Shanghai","PM2.5 - Principal","2021-03-31 12:00 AM",2021,3,31,0,59.3,153,"Unhealthy",58,"UG/M3","1 Hr","Valid"
"2110","Shanghai","PM2.5 - Principal","2021-03-31 06:00 AM",2021,3,31,6,51.7,141,"Unhealthy for Sensitive Groups",45,"UG/M3","1 Hr","Valid"
"2116","Shanghai","PM2.5 - Principal","2021-03-31 12:00 PM",2021,3,31,12,46.4,128,"Unhealthy for Sensitive Groups",50,"UG/M3","1 Hr","Valid"
"2122","Shanghai","PM2.5 - Principal","2021-03-31 06:00 PM",2021,3,31,18,36.9,104,"Unhealthy for Sensitive Groups",29,"UG/M3","1 Hr","Valid"
"2128","Shanghai","PM2.5 - Principal","2021-04-01 12:00 AM",2021,4,1,0,22.5,73,"Moderate",21,"UG/M3","1 Hr","Valid"
"2134","Shanghai","PM2.5 - Principal","2021-04-01 06:00 AM",2021,4,1,6,22.4,73,"Moderate",19,"UG/M3","1 Hr","Valid"
"2140","Shanghai","PM2.5 - Principal","2021-04-01 12:00 PM",2021,4,1,12,22.2,72,"Moderate",18,"UG/M3","1 Hr","Valid"
"2146","Shanghai","PM2.5 - Principal","2021-04-01 06:00 PM",2021,4,1,18,36.5,103,"Unhealthy for Sensitive Groups",36,"UG/M3","1 Hr","Valid"
"2151","Shanghai","PM2.5 - Principal","2021-04-02 12:00 AM",2021,4,2,0,30.2,89,"Moderate",32,"UG/M3","1 Hr","Valid"
"2157","Shanghai","PM2.5 - Principal","2021-04-02 06:00 AM",2021,4,2,6,25.6,79,"Moderate",18,"UG/M3","1 Hr","Valid"
"2163","Shanghai","PM2.5 - Principal","2021-04-02 12:00 PM",2021,4,2,12,48.1,132,"Unhealthy for Sensitive Groups",57,"UG/M3","1 Hr","Valid"
"2169","Shanghai","PM2.5 - Principal","2021-04-02 06:00 PM",2021,4,2,18,64.2,155,"Unhealthy",51,"UG/M3","1 Hr","Valid"
"2175","Shanghai","PM2.5 - Principal","2021-04-03 12:00 AM",2021,4,3,0,66.7,157,"Unhealthy",63,"UG/M3","1 Hr","Valid"
"2181","Shanghai","PM2.5 - Principal","2021-04-03 06:00 AM",2021,4,3,6,57.9,152,"Unhealthy",45,"UG/M3","1 Hr","Valid"
"2189","Shanghai","PM2.5 - Principal","2021-04-04 06:00 AM",2021,4,4,6,16.1,59,"Moderate",14,"UG/M3","1 Hr","Valid"
"2195","Shanghai","PM2.5 - Principal","2021-04-04 12:00 PM",2021,4,4,12,29.4,87,"Moderate",34,"UG/M3","1 Hr","Valid"
"2201","Shanghai","PM2.5 - Principal","2021-04-04 06:00 PM",2021,4,4,18,6.6,28,"Good",1,"UG/M3","1 Hr","Valid"
"2206","Shanghai","PM2.5 - Principal","2021-04-05 12:00 AM",2021,4,5,0,13.8,55,"Moderate",15,"UG/M3","1 Hr","Valid"
"2212","Shanghai","PM2.5 - Principal","2021-04-05 06:00 AM",2021,4,5,6,15,57,"Moderate",18,"UG/M3","1 Hr","Valid"
"2218","Shanghai","PM2.5 - Principal","2021-04-05 12:00 PM",2021,4,5,12,28.9,86,"Moderate",34,"UG/M3","1 Hr","Valid"
"2224","Shanghai","PM2.5 - Principal","2021-04-05 06:00 PM",2021,4,5,18,8.8,37,"Good",6,"UG/M3","1 Hr","Valid"
"2230","Shanghai","PM2.5 - Principal","2021-04-06 12:00 AM",2021,4,6,0,15.1,57,"Moderate",17,"UG/M3","1 Hr","Valid"
"2236","Shanghai","PM2.5 - Principal","2021-04-06 06:00 AM",2021,4,6,6,17.4,62,"Moderate",17,"UG/M3","1 Hr","Valid"
"2242","Shanghai","PM2.5 - Principal","2021-04-06 12:00 PM",2021,4,6,12,30,89,"Moderate",36,"UG/M3","1 Hr","Valid"
"2248","Shanghai","PM2.5 - Principal","2021-04-06 06:00 PM",2021,4,6,18,7,29,"Good",3,"UG/M3","1 Hr","Valid"
"2254","Shanghai","PM2.5 - Principal","2021-04-07 12:00 AM",2021,4,7,0,11.7,49,"Good",15,"UG/M3","1 Hr","Valid"
"2260","Shanghai","PM2.5 - Principal","2021-04-07 06:00 AM",2021,4,7,6,13.5,54,"Moderate",13,"UG/M3","1 Hr","Valid"
"2266","Shanghai","PM2.5 - Principal","2021-04-07 12:00 PM",2021,4,7,12,22,72,"Moderate",25,"UG/M3","1 Hr","Valid"
"2272","Shanghai","PM2.5 - Principal","2021-04-07 06:00 PM",2021,4,7,18,26,80,"Moderate",26,"UG/M3","1 Hr","Valid"
"2278","Shanghai","PM2.5 - Principal","2021-04-08 12:00 AM",2021,4,8,0,18.9,65,"Moderate",15,"UG/M3","1 Hr","Valid"
"2284","Shanghai","PM2.5 - Principal","2021-04-08 06:00 AM",2021,4,8,6,22.8,74,"Moderate",21,"UG/M3","1 Hr","Valid"
"2290","Shanghai","PM2.5 - Principal","2021-04-08 12:00 PM",2021,4,8,12,24.7,77,"Moderate",30,"UG/M3","1 Hr","Valid"
"2296","Shanghai","PM2.5 - Principal","2021-04-08 06:00 PM",2021,4,8,18,30,89,"Moderate",28,"UG/M3","1 Hr","Valid"
"2302","Shanghai","PM2.5 - Principal","2021-04-09 12:00 AM",2021,4,9,0,36.2,103,"Unhealthy for Sensitive Groups",34,"UG/M3","1 Hr","Valid"
"2308","Shanghai","PM2.5 - Principal","2021-04-09 06:00 AM",2021,4,9,6,24.6,77,"Moderate",25,"UG/M3","1 Hr","Valid"
"2314","Shanghai","PM2.5 - Principal","2021-04-09 12:00 PM",2021,4,9,12,23.6,75,"Moderate",26,"UG/M3","1 Hr","Valid"
"2320","Shanghai","PM2.5 - Principal","2021-04-09 06:00 PM",2021,4,9,18,10.4,43,"Good",9,"UG/M3","1 Hr","Valid"
"2326","Shanghai","PM2.5 - Principal","2021-04-10 12:00 AM",2021,4,10,0,10.4,43,"Good",9,"UG/M3","1 Hr","Valid"
"2332","Shanghai","PM2.5 - Principal","2021-04-10 06:00 AM",2021,4,10,6,30.4,89,"Moderate",36,"UG/M3","1 Hr","Valid"
"2338","Shanghai","PM2.5 - Principal","2021-04-10 12:00 PM",2021,4,10,12,30.4,89,"Moderate",35,"UG/M3","1 Hr","Valid"
"2344","Shanghai","PM2.5 - Principal","2021-04-10 06:00 PM",2021,4,10,18,9.5,40,"Good",7,"UG/M3","1 Hr","Valid"
"2350","Shanghai","PM2.5 - Principal","2021-04-11 12:00 AM",2021,4,11,0,15.7,59,"Moderate",18,"UG/M3","1 Hr","Valid"
"2356","Shanghai","PM2.5 - Principal","2021-04-11 06:00 AM",2021,4,11,6,16.3,60,"Moderate",17,"UG/M3","1 Hr","Valid"
"2362","Shanghai","PM2.5 - Principal","2021-04-11 12:00 PM",2021,4,11,12,18.6,65,"Moderate",21,"UG/M3","1 Hr","Valid"
"2368","Shanghai","PM2.5 - Principal","2021-04-11 06:00 PM",2021,4,11,18,12.4,52,"Moderate",10,"UG/M3","1 Hr","Valid"
"2374","Shanghai","PM2.5 - Principal","2021-04-12 12:00 AM",2021,4,12,0,6.3,26,"Good",5,"UG/M3","1 Hr","Valid"
"2380","Shanghai","PM2.5 - Principal","2021-04-12 06:00 AM",2021,4,12,6,3.6,15,"Good",3,"UG/M3","1 Hr","Valid"
"2386","Shanghai","PM2.5 - Principal","2021-04-12 12:00 PM",2021,4,12,12,27.3,83,"Moderate",32,"UG/M3","1 Hr","Valid"
"2392","Shanghai","PM2.5 - Principal","2021-04-12 06:00 PM",2021,4,12,18,43.1,120,"Unhealthy for Sensitive Groups",47,"UG/M3","1 Hr","Valid"
"2398","Shanghai","PM2.5 - Principal","2021-04-13 12:00 AM",2021,4,13,0,51.8,141,"Unhealthy for Sensitive Groups",54,"UG/M3","1 Hr","Valid"
"2404","Shanghai","PM2.5 - Principal","2021-04-13 06:00 AM",2021,4,13,6,68.1,158,"Unhealthy",68,"UG/M3","1 Hr","Valid"
"2409","Shanghai","PM2.5 - Principal","2021-04-13 12:00 PM",2021,4,13,12,57.1,152,"Unhealthy",48,"UG/M3","1 Hr","Valid"
"2415","Shanghai","PM2.5 - Principal","2021-04-13 06:00 PM",2021,4,13,18,18.5,64,"Moderate",16,"UG/M3","1 Hr","Valid"
"2421","Shanghai","PM2.5 - Principal","2021-04-14 12:00 AM",2021,4,14,0,15.9,59,"Moderate",17,"UG/M3","1 Hr","Valid"
"2427","Shanghai","PM2.5 - Principal","2021-04-14 06:00 AM",2021,4,14,6,9.1,38,"Good",7,"UG/M3","1 Hr","Valid"
"2433","Shanghai","PM2.5 - Principal","2021-04-14 12:00 PM",2021,4,14,12,22.3,72,"Moderate",27,"UG/M3","1 Hr","Valid"
"2439","Shanghai","PM2.5 - Principal","2021-04-14 06:00 PM",2021,4,14,18,11.5,48,"Good",7,"UG/M3","1 Hr","Valid"
"2445","Shanghai","PM2.5 - Principal","2021-04-15 12:00 AM",2021,4,15,0,8.2,34,"Good",9,"UG/M3","1 Hr","Valid"
"2451","Shanghai","PM2.5 - Principal","2021-04-15 06:00 AM",2021,4,15,6,10.8,45,"Good",10,"UG/M3","1 Hr","Valid"
"2457","Shanghai","PM2.5 - Principal","2021-04-15 12:00 PM",2021,4,15,12,18.5,64,"Moderate",20,"UG/M3","1 Hr","Valid"
"2463","Shanghai","PM2.5 - Principal","2021-04-15 06:00 PM",2021,4,15,18,8.8,37,"Good",7,"UG/M3","1 Hr","Valid"
"2469","Shanghai","PM2.5 - Principal","2021-04-16 12:00 AM",2021,4,16,0,17.6,63,"Moderate",18,"UG/M3","1 Hr","Valid"
"2475","Shanghai","PM2.5 - Principal","2021-04-16 06:00 AM",2021,4,16,6,26.5,81,"Moderate",28,"UG/M3","1 Hr","Valid"
"2481","Shanghai","PM2.5 - Principal","2021-04-16 12:00 PM",2021,4,16,12,62.5,155,"Unhealthy",70,"UG/M3","1 Hr","Valid"
"2487","Shanghai","PM2.5 - Principal","2021-04-16 06:00 PM",2021,4,16,18,51.5,140,"Unhealthy for Sensitive Groups",49,"UG/M3","1 Hr","Valid"
"2493","Shanghai","PM2.5 - Principal","2021-04-17 12:00 AM",2021,4,17,0,43.2,120,"Unhealthy for Sensitive Groups",39,"UG/M3","1 Hr","Valid"
"2499","Shanghai","PM2.5 - Principal","2021-04-17 06:00 AM",2021,4,17,6,68.9,158,"Unhealthy",75,"UG/M3","1 Hr","Valid"
"2505","Shanghai","PM2.5 - Principal","2021-04-17 12:00 PM",2021,4,17,12,92.9,170,"Unhealthy",85,"UG/M3","1 Hr","Valid"
"2511","Shanghai","PM2.5 - Principal","2021-04-17 06:00 PM",2021,4,17,18,32,93,"Moderate",24,"UG/M3","1 Hr","Valid"
"2517","Shanghai","PM2.5 - Principal","2021-04-18 12:00 AM",2021,4,18,0,9.9,41,"Good",10,"UG/M3","1 Hr","Valid"
"2523","Shanghai","PM2.5 - Principal","2021-04-18 06:00 AM",2021,4,18,6,10.7,45,"Good",12,"UG/M3","1 Hr","Valid"
"2529","Shanghai","PM2.5 - Principal","2021-04-18 12:00 PM",2021,4,18,12,27.5,83,"Moderate",35,"UG/M3","1 Hr","Valid"
"2535","Shanghai","PM2.5 - Principal","2021-04-18 06:00 PM",2021,4,18,18,8.9,37,"Good",4,"UG/M3","1 Hr","Valid"
"2541","Shanghai","PM2.5 - Principal","2021-04-19 12:00 AM",2021,4,19,0,9.8,41,"Good",10,"UG/M3","1 Hr","Valid"
"2547","Shanghai","PM2.5 - Principal","2021-04-19 06:00 AM",2021,4,19,6,15.7,59,"Moderate",20,"UG/M3","1 Hr","Valid"
"2553","Shanghai","PM2.5 - Principal","2021-04-19 12:00 PM",2021,4,19,12,28.5,85,"Moderate",31,"UG/M3","1 Hr","Valid"
"2559","Shanghai","PM2.5 - Principal","2021-04-19 06:00 PM",2021,4,19,18,12.8,52,"Moderate",8,"UG/M3","1 Hr","Valid"
"2565","Shanghai","PM2.5 - Principal","2021-04-20 12:00 AM",2021,4,20,0,7.4,31,"Good",8,"UG/M3","1 Hr","Valid"
"2571","Shanghai","PM2.5 - Principal","2021-04-20 06:00 AM",2021,4,20,6,15,57,"Moderate",17,"UG/M3","1 Hr","Valid"
"2577","Shanghai","PM2.5 - Principal","2021-04-20 12:00 PM",2021,4,20,12,26,80,"Moderate",29,"UG/M3","1 Hr","Valid"
"2583","Shanghai","PM2.5 - Principal","2021-04-20 06:00 PM",2021,4,20,18,13.4,54,"Moderate",9,"UG/M3","1 Hr","Valid"
"2589","Shanghai","PM2.5 - Principal","2021-04-21 12:00 AM",2021,4,21,0,11,46,"Good",12,"UG/M3","1 Hr","Valid"
"2595","Shanghai","PM2.5 - Principal","2021-04-21 06:00 AM",2021,4,21,6,16.9,61,"Moderate",17,"UG/M3","1 Hr","Valid"
"2601","Shanghai","PM2.5 - Principal","2021-04-21 12:00 PM",2021,4,21,12,33.9,97,"Moderate",40,"UG/M3","1 Hr","Valid"
"2607","Shanghai","PM2.5 - Principal","2021-04-21 06:00 PM",2021,4,21,18,16.8,61,"Moderate",14,"UG/M3","1 Hr","Valid"
"2613","Shanghai","PM2.5 - Principal","2021-04-22 12:00 AM",2021,4,22,0,11.4,48,"Good",9,"UG/M3","1 Hr","Valid"
"2619","Shanghai","PM2.5 - Principal","2021-04-22 06:00 AM",2021,4,22,6,17.1,62,"Moderate",18,"UG/M3","1 Hr","Valid"
"2625","Shanghai","PM2.5 - Principal","2021-04-22 12:00 PM",2021,4,22,12,21.9,72,"Moderate",22,"UG/M3","1 Hr","Valid"
"2631","Shanghai","PM2.5 - Principal","2021-04-22 06:00 PM",2021,4,22,18,17.9,63,"Moderate",16,"UG/M3","1 Hr","Valid"
"2637","Shanghai","PM2.5 - Principal","2021-04-23 12:00 AM",2021,4,23,0,35.1,99,"Moderate",37,"UG/M3","1 Hr","Valid"
"2643","Shanghai","PM2.5 - Principal","2021-04-23 06:00 AM",2021,4,23,6,70.5,159,"Unhealthy",74,"UG/M3","1 Hr","Valid"
"2649","Shanghai","PM2.5 - Principal","2021-04-23 12:00 PM",2021,4,23,12,58.6,153,"Unhealthy",56,"UG/M3","1 Hr","Valid"
"2655","Shanghai","PM2.5 - Principal","2021-04-23 06:00 PM",2021,4,23,18,42.6,118,"Unhealthy for Sensitive Groups",45,"UG/M3","1 Hr","Valid"
"2661","Shanghai","PM2.5 - Principal","2021-04-24 12:00 AM",2021,4,24,0,29.2,87,"Moderate",33,"UG/M3","1 Hr","Valid"
"2667","Shanghai","PM2.5 - Principal","2021-04-24 06:00 AM",2021,4,24,6,28.6,86,"Moderate",24,"UG/M3","1 Hr","Valid"
"2673","Shanghai","PM2.5 - Principal","2021-04-24 12:00 PM",2021,4,24,12,22.3,72,"Moderate",24,"UG/M3","1 Hr","Valid"
"2679","Shanghai","PM2.5 - Principal","2021-04-24 06:00 PM",2021,4,24,18,27.2,83,"Moderate",25,"UG/M3","1 Hr","Valid"
"2685","Shanghai","PM2.5 - Principal","2021-04-25 12:00 AM",2021,4,25,0,39.3,110,"Unhealthy for Sensitive Groups",46,"UG/M3","1 Hr","Valid"
"2691","Shanghai","PM2.5 - Principal","2021-04-25 06:00 AM",2021,4,25,6,38.7,109,"Unhealthy for Sensitive Groups",31,"UG/M3","1 Hr","Valid"
"2697","Shanghai","PM2.5 - Principal","2021-04-25 12:00 PM",2021,4,25,12,26.9,82,"Moderate",27,"UG/M3","1 Hr","Valid"
"2703","Shanghai","PM2.5 - Principal","2021-04-25 06:00 PM",2021,4,25,18,12.3,51,"Moderate",10,"UG/M3","1 Hr","Valid"
"2709","Shanghai","PM2.5 - Principal","2021-04-26 12:00 AM",2021,4,26,0,21.6,71,"Moderate",20,"UG/M3","1 Hr","Valid"
"2715","Shanghai","PM2.5 - Principal","2021-04-26 06:00 AM",2021,4,26,6,19.2,66,"Moderate",20,"UG/M3","1 Hr","Valid"
"2721","Shanghai","PM2.5 - Principal","2021-04-26 12:00 PM",2021,4,26,12,26,80,"Moderate",29,"UG/M3","1 Hr","Valid"
"2727","Shanghai","PM2.5 - Principal","2021-04-26 06:00 PM",2021,4,26,18,12.7,52,"Moderate",8,"UG/M3","1 Hr","Valid"
"2733","Shanghai","PM2.5 - Principal","2021-04-27 12:00 AM",2021,4,27,0,9.9,41,"Good",10,"UG/M3","1 Hr","Valid"
"2739","Shanghai","PM2.5 - Principal","2021-04-27 06:00 AM",2021,4,27,6,16.5,60,"Moderate",19,"UG/M3","1 Hr","Valid"
"2745","Shanghai","PM2.5 - Principal","2021-04-27 12:00 PM",2021,4,27,12,28.9,86,"Moderate",32,"UG/M3","1 Hr","Valid"
"2751","Shanghai","PM2.5 - Principal","2021-04-27 06:00 PM",2021,4,27,18,39.9,112,"Unhealthy for Sensitive Groups",41,"UG/M3","1 Hr","Valid"
"2757","Shanghai","PM2.5 - Principal","2021-04-28 12:00 AM",2021,4,28,0,43,119,"Unhealthy for Sensitive Groups",42,"UG/M3","1 Hr","Valid"
"2763","Shanghai","PM2.5 - Principal","2021-04-28 06:00 AM",2021,4,28,6,51.1,139,"Unhealthy for Sensitive Groups",48,"UG/M3","1 Hr","Valid"
"2769","Shanghai","PM2.5 - Principal","2021-04-28 12:00 PM",2021,4,28,12,51.5,140,"Unhealthy for Sensitive Groups",58,"UG/M3","1 Hr","Valid"
"2775","Shanghai","PM2.5 - Principal","2021-04-28 06:00 PM",2021,4,28,18,32.2,93,"Moderate",26,"UG/M3","1 Hr","Valid"
"2781","Shanghai","PM2.5 - Principal","2021-04-29 12:00 AM",2021,4,29,0,30.2,89,"Moderate",35,"UG/M3","1 Hr","Valid"
"2787","Shanghai","PM2.5 - Principal","2021-04-29 06:00 AM",2021,4,29,6,71.7,159,"Unhealthy",78,"UG/M3","1 Hr","Valid"
"2793","Shanghai","PM2.5 - Principal","2021-04-29 12:00 PM",2021,4,29,12,57.4,152,"Unhealthy",56,"UG/M3","1 Hr","Valid"
"2799","Shanghai","PM2.5 - Principal","2021-04-29 06:00 PM",2021,4,29,18,27.8,84,"Moderate",26,"UG/M3","1 Hr","Valid"
"2805","Shanghai","PM2.5 - Principal","2021-04-30 12:00 AM",2021,4,30,0,36.3,103,"Unhealthy for Sensitive Groups",41,"UG/M3","1 Hr","Valid"
"2811","Shanghai","PM2.5 - Principal","2021-04-30 06:00 AM",2021,4,30,6,29.2,87,"Moderate",28,"UG/M3","1 Hr","Valid"
"2817","Shanghai","PM2.5 - Principal","2021-04-30 12:00 PM",2021,4,30,12,50.4,138,"Unhealthy for Sensitive Groups",52,"UG/M3","1 Hr","Valid"
"2823","Shanghai","PM2.5 - Principal","2021-04-30 06:00 PM",2021,4,30,18,56.4,151,"Unhealthy",55,"UG/M3","1 Hr","Valid"
"2829","Shanghai","PM2.5 - Principal","2021-05-01 12:00 AM",2021,5,1,0,26.3,81,"Moderate",16,"UG/M3","1 Hr","Valid"
"2835","Shanghai","PM2.5 - Principal","2021-05-01 06:00 AM",2021,5,1,6,25.7,80,"Moderate",28,"UG/M3","1 Hr","Valid"
"2841","Shanghai","PM2.5 - Principal","2021-05-01 12:00 PM",2021,5,1,12,45.3,125,"Unhealthy for Sensitive Groups",44,"UG/M3","1 Hr","Valid"
"2847","Shanghai","PM2.5 - Principal","2021-05-01 06:00 PM",2021,5,1,18,121.3,185,"Unhealthy",182,"UG/M3","1 Hr","Valid"
"2853","Shanghai","PM2.5 - Principal","2021-05-02 12:00 AM",2021,5,2,0,16.7,61,"Moderate",16,"UG/M3","1 Hr","Valid"
"2859","Shanghai","PM2.5 - Principal","2021-05-02 06:00 AM",2021,5,2,6,22.1,72,"Moderate",23,"UG/M3","1 Hr","Valid"
"2865","Shanghai","PM2.5 - Principal","2021-05-02 12:00 PM",2021,5,2,12,38.6,109,"Unhealthy for Sensitive Groups",39,"UG/M3","1 Hr","Valid"
"2871","Shanghai","PM2.5 - Principal","2021-05-02 06:00 PM",2021,5,2,18,9,38,"Good",3,"UG/M3","1 Hr","Valid"
"2877","Shanghai","PM2.5 - Principal","2021-05-03 12:00 AM",2021,5,3,0,14.7,56,"Moderate",15,"UG/M3","1 Hr","Valid"
"2883","Shanghai","PM2.5 - Principal","2021-05-03 06:00 AM",2021,5,3,6,22.7,73,"Moderate",21,"UG/M3","1 Hr","Valid"
"2889","Shanghai","PM2.5 - Principal","2021-05-03 12:00 PM",2021,5,3,12,33.8,97,"Moderate",39,"UG/M3","1 Hr","Valid"
"2895","Shanghai","PM2.5 - Principal","2021-05-03 06:00 PM",2021,5,3,18,17.6,63,"Moderate",8,"UG/M3","1 Hr","Valid"
"2901","Shanghai","PM2.5 - Principal","2021-05-04 12:00 AM",2021,5,4,0,28.5,85,"Moderate",18,"UG/M3","1 Hr","Valid"
"2907","Shanghai","PM2.5 - Principal","2021-05-04 06:00 AM",2021,5,4,6,13.2,53,"Moderate",13,"UG/M3","1 Hr","Valid"
"2913","Shanghai","PM2.5 - Principal","2021-05-04 12:00 PM",2021,5,4,12,20.2,68,"Moderate",23,"UG/M3","1 Hr","Valid"
"2919","Shanghai","PM2.5 - Principal","2021-05-04 06:00 PM",2021,5,4,18,15.9,59,"Moderate",17,"UG/M3","1 Hr","Valid"
"2925","Shanghai","PM2.5 - Principal","2021-05-05 12:00 AM",2021,5,5,0,33.6,96,"Moderate",36,"UG/M3","1 Hr","Valid"
"2931","Shanghai","PM2.5 - Principal","2021-05-05 06:00 AM",2021,5,5,6,50.9,139,"Unhealthy for Sensitive Groups",54,"UG/M3","1 Hr","Valid"
"2937","Shanghai","PM2.5 - Principal","2021-05-05 12:00 PM",2021,5,5,12,93.4,171,"Unhealthy",92,"UG/M3","1 Hr","Valid"
"2943","Shanghai","PM2.5 - Principal","2021-05-05 06:00 PM",2021,5,5,18,37,105,"Unhealthy for Sensitive Groups",27,"UG/M3","1 Hr","Valid"
"2949","Shanghai","PM2.5 - Principal","2021-05-06 12:00 AM",2021,5,6,0,25.2,79,"Moderate",28,"UG/M3","1 Hr","Valid"
"2955","Shanghai","PM2.5 - Principal","2021-05-06 06:00 AM",2021,5,6,6,15.9,59,"Moderate",16,"UG/M3","1 Hr","Valid"
"2961","Shanghai","PM2.5 - Principal","2021-05-06 12:00 PM",2021,5,6,12,30.5,90,"Moderate",34,"UG/M3","1 Hr","Valid"
"2967","Shanghai","PM2.5 - Principal","2021-05-06 06:00 PM",2021,5,6,18,21.6,71,"Moderate",22,"UG/M3","1 Hr","Valid"
"2973","Shanghai","PM2.5 - Principal","2021-05-07 12:00 AM",2021,5,7,0,29.3,87,"Moderate",33,"UG/M3","1 Hr","Valid"
"2979","Shanghai","PM2.5 - Principal","2021-05-07 06:00 AM",2021,5,7,6,31.1,91,"Moderate",33,"UG/M3","1 Hr","Valid"
"2985","Shanghai","PM2.5 - Principal","2021-05-07 12:00 PM",2021,5,7,12,201.7,252,"Very Unhealthy",355,"UG/M3","1 Hr","Valid"
"2991","Shanghai","PM2.5 - Principal","2021-05-07 06:00 PM",2021,5,7,18,101,174,"Unhealthy",141,"UG/M3","1 Hr","Valid"
"2997","Shanghai","PM2.5 - Principal","2021-05-08 12:00 AM",2021,5,8,0,103.4,176,"Unhealthy",100,"UG/M3","1 Hr","Valid"
"3003","Shanghai","PM2.5 - Principal","2021-05-08 06:00 AM",2021,5,8,6,62.4,155,"Unhealthy",59,"UG/M3","1 Hr","Valid"
"3009","Shanghai","PM2.5 - Principal","2021-05-08 12:00 PM",2021,5,8,12,73.4,160,"Unhealthy",88,"UG/M3","1 Hr","Valid"
"3015","Shanghai","PM2.5 - Principal","2021-05-08 06:00 PM",2021,5,8,18,80.1,164,"Unhealthy",64,"UG/M3","1 Hr","Valid"
"3021","Shanghai","PM2.5 - Principal","2021-05-09 12:00 AM",2021,5,9,0,90.3,169,"Unhealthy",66,"UG/M3","1 Hr","Valid"
"3027","Shanghai","PM2.5 - Principal","2021-05-09 06:00 AM",2021,5,9,6,42.4,118,"Unhealthy for Sensitive Groups",40,"UG/M3","1 Hr","Valid"
"3033","Shanghai","PM2.5 - Principal","2021-05-09 12:00 PM",2021,5,9,12,74.4,161,"Unhealthy",77,"UG/M3","1 Hr","Valid"
"3039","Shanghai","PM2.5 - Principal","2021-05-09 06:00 PM",2021,5,9,18,40,112,"Unhealthy for Sensitive Groups",28,"UG/M3","1 Hr","Valid"
"3045","Shanghai","PM2.5 - Principal","2021-05-10 12:00 AM",2021,5,10,0,15.6,58,"Moderate",13,"UG/M3","1 Hr","Valid"
"3051","Shanghai","PM2.5 - Principal","2021-05-10 06:00 AM",2021,5,10,6,10.1,42,"Good",12,"UG/M3","1 Hr","Valid"
"3057","Shanghai","PM2.5 - Principal","2021-05-10 12:00 PM",2021,5,10,12,48.8,134,"Unhealthy for Sensitive Groups",62,"UG/M3","1 Hr","Valid"
"3063","Shanghai","PM2.5 - Principal","2021-05-10 06:00 PM",2021,5,10,18,36,102,"Unhealthy for Sensitive Groups",19,"UG/M3","1 Hr","Valid"
"3069","Shanghai","PM2.5 - Principal","2021-05-11 12:00 AM",2021,5,11,0,20,68,"Moderate",23,"UG/M3","1 Hr","Valid"
"3075","Shanghai","PM2.5 - Principal","2021-05-11 06:00 AM",2021,5,11,6,18.3,64,"Moderate",15,"UG/M3","1 Hr","Valid"
"3081","Shanghai","PM2.5 - Principal","2021-05-11 12:00 PM",2021,5,11,12,42.2,117,"Unhealthy for Sensitive Groups",49,"UG/M3","1 Hr","Valid"
"3087","Shanghai","PM2.5 - Principal","2021-05-11 06:00 PM",2021,5,11,18,45.6,126,"Unhealthy for Sensitive Groups",41,"UG/M3","1 Hr","Valid"
"3093","Shanghai","PM2.5 - Principal","2021-05-12 12:00 AM",2021,5,12,0,27.4,83,"Moderate",23,"UG/M3","1 Hr","Valid"
"3099","Shanghai","PM2.5 - Principal","2021-05-12 06:00 AM",2021,5,12,6,20.5,69,"Moderate",21,"UG/M3","1 Hr","Valid"
"3105","Shanghai","PM2.5 - Principal","2021-05-12 12:00 PM",2021,5,12,12,22.6,73,"Moderate",26,"UG/M3","1 Hr","Valid"
"3111","Shanghai","PM2.5 - Principal","2021-05-12 06:00 PM",2021,5,12,18,15,57,"Moderate",14,"UG/M3","1 Hr","Valid"
"3117","Shanghai","PM2.5 - Principal","2021-05-13 12:00 AM",2021,5,13,0,15.4,58,"Moderate",16,"UG/M3","1 Hr","Valid"
"3123","Shanghai","PM2.5 - Principal","2021-05-13 06:00 AM",2021,5,13,6,18.1,64,"Moderate",18,"UG/M3","1 Hr","Valid"
"3129","Shanghai","PM2.5 - Principal","2021-05-13 12:00 PM",2021,5,13,12,13.2,53,"Moderate",16,"UG/M3","1 Hr","Valid"
"3135","Shanghai","PM2.5 - Principal","2021-05-13 06:00 PM",2021,5,13,18,20.8,69,"Moderate",20,"UG/M3","1 Hr","Valid"
"3141","Shanghai","PM2.5 - Principal","2021-05-14 12:00 AM",2021,5,14,0,14.5,56,"Moderate",11,"UG/M3","1 Hr","Valid"
"3147","Shanghai","PM2.5 - Principal","2021-05-14 06:00 AM",2021,5,14,6,19,66,"Moderate",22,"UG/M3","1 Hr","Valid"
"3153","Shanghai","PM2.5 - Principal","2021-05-14 12:00 PM",2021,5,14,12,29.5,88,"Moderate",31,"UG/M3","1 Hr","Valid"
"3159","Shanghai","PM2.5 - Principal","2021-05-14 06:00 PM",2021,5,14,18,29.8,88,"Moderate",25,"UG/M3","1 Hr","Valid"
"3165","Shanghai","PM2.5 - Principal","2021-05-15 12:00 AM",2021,5,15,0,16.2,60,"Moderate",10,"UG/M3","1 Hr","Valid"
"3171","Shanghai","PM2.5 - Principal","2021-05-15 06:00 AM",2021,5,15,6,14.8,57,"Moderate",14,"UG/M3","1 Hr","Valid"
"3177","Shanghai","PM2.5 - Principal","2021-05-15 12:00 PM",2021,5,15,12,44,122,"Unhealthy for Sensitive Groups",49,"UG/M3","1 Hr","Valid"
"3182","Shanghai","PM2.5 - Principal","2021-05-15 06:00 PM",2021,5,15,18,31.6,92,"Moderate",33,"UG/M3","1 Hr","Valid"
"3188","Shanghai","PM2.5 - Principal","2021-05-16 12:00 AM",2021,5,16,0,37.7,106,"Unhealthy for Sensitive Groups",42,"UG/M3","1 Hr","Valid"
"3193","Shanghai","PM2.5 - Principal","2021-05-16 06:00 AM",2021,5,16,6,5.2,22,"Good",0,"UG/M3","1 Hr","Valid"
"3199","Shanghai","PM2.5 - Principal","2021-05-16 12:00 PM",2021,5,16,12,14.7,56,"Moderate",18,"UG/M3","1 Hr","Valid"
"3205","Shanghai","PM2.5 - Principal","2021-05-16 06:00 PM",2021,5,16,18,7.4,31,"Good",3,"UG/M3","1 Hr","Valid"
"3210","Shanghai","PM2.5 - Principal","2021-05-17 12:00 AM",2021,5,17,0,26.4,81,"Moderate",32,"UG/M3","1 Hr","Valid"
"3216","Shanghai","PM2.5 - Principal","2021-05-17 06:00 AM",2021,5,17,6,17.3,62,"Moderate",17,"UG/M3","1 Hr","Valid"
"3222","Shanghai","PM2.5 - Principal","2021-05-17 12:00 PM",2021,5,17,12,24.1,76,"Moderate",25,"UG/M3","1 Hr","Valid"
"3228","Shanghai","PM2.5 - Principal","2021-05-17 06:00 PM",2021,5,17,18,109.6,179,"Unhealthy",115,"UG/M3","1 Hr","Valid"
"3234","Shanghai","PM2.5 - Principal","2021-05-18 12:00 AM",2021,5,18,0,18,63,"Moderate",14,"UG/M3","1 Hr","Valid"
"3237","Shanghai","PM2.5 - Principal","2021-05-18 06:00 AM",2021,5,18,6,29.8,88,"Moderate",33,"UG/M3","1 Hr","Valid"
"3242","Shanghai","PM2.5 - Principal","2021-05-18 12:00 PM",2021,5,18,12,106.5,177,"Unhealthy",59,"UG/M3","1 Hr","Valid"
"3249","Shanghai","PM2.5 - Principal","2021-05-19 06:00 AM",2021,5,19,6,11.8,49,"Good",10,"UG/M3","1 Hr","Valid"
"3255","Shanghai","PM2.5 - Principal","2021-05-19 12:00 PM",2021,5,19,12,26.4,81,"Moderate",29,"UG/M3","1 Hr","Valid"
"3261","Shanghai","PM2.5 - Principal","2021-05-19 06:00 PM",2021,5,19,18,7.4,31,"Good",6,"UG/M3","1 Hr","Valid"
"3267","Shanghai","PM2.5 - Principal","2021-05-20 12:00 AM",2021,5,20,0,11.7,49,"Good",14,"UG/M3","1 Hr","Valid"
"3273","Shanghai","PM2.5 - Principal","2021-05-20 06:00 AM",2021,5,20,6,19,66,"Moderate",20,"UG/M3","1 Hr","Valid"
"3279","Shanghai","PM2.5 - Principal","2021-05-20 12:00 PM",2021,5,20,12,32.3,93,"Moderate",31,"UG/M3","1 Hr","Valid"
"3285","Shanghai","PM2.5 - Principal","2021-05-20 06:00 PM",2021,5,20,18,24.5,77,"Moderate",25,"UG/M3","1 Hr","Valid"
"3291","Shanghai","PM2.5 - Principal","2021-05-21 12:00 AM",2021,5,21,0,36.2,103,"Unhealthy for Sensitive Groups",37,"UG/M3","1 Hr","Valid"
"3297","Shanghai","PM2.5 - Principal","2021-05-21 06:00 AM",2021,5,21,6,29,87,"Moderate",25,"UG/M3","1 Hr","Valid"
"3303","Shanghai","PM2.5 - Principal","2021-05-21 12:00 PM",2021,5,21,12,33,95,"Moderate",34,"UG/M3","1 Hr","Valid"
"3309","Shanghai","PM2.5 - Principal","2021-05-21 06:00 PM",2021,5,21,18,18.5,64,"Moderate",9,"UG/M3","1 Hr","Valid"
"3315","Shanghai","PM2.5 - Principal","2021-05-22 12:00 AM",2021,5,22,0,19.6,67,"Moderate",23,"UG/M3","1 Hr","Valid"
"3321","Shanghai","PM2.5 - Principal","2021-05-22 06:00 AM",2021,5,22,6,22.1,72,"Moderate",22,"UG/M3","1 Hr","Valid"
"3327","Shanghai","PM2.5 - Principal","2021-05-22 12:00 PM",2021,5,22,12,20.6,69,"Moderate",25,"UG/M3","1 Hr","Valid"
"3338","Shanghai","PM2.5 - Principal","2021-05-23 12:00 AM",2021,5,23,0,7,29,"Good",6,"UG/M3","1 Hr","Valid"
"3344","Shanghai","PM2.5 - Principal","2021-05-23 06:00 AM",2021,5,23,6,11.6,48,"Good",9,"UG/M3","1 Hr","Valid"
"3350","Shanghai","PM2.5 - Principal","2021-05-23 12:00 PM",2021,5,23,12,13.4,54,"Moderate",14,"UG/M3","1 Hr","Valid"
"3356","Shanghai","PM2.5 - Principal","2021-05-23 06:00 PM",2021,5,23,18,11.8,49,"Good",12,"UG/M3","1 Hr","Valid"
"3362","Shanghai","PM2.5 - Principal","2021-05-24 12:00 AM",2021,5,24,0,8.9,37,"Good",11,"UG/M3","1 Hr","Valid"
"3368","Shanghai","PM2.5 - Principal","2021-05-24 06:00 AM",2021,5,24,6,11.7,49,"Good",11,"UG/M3","1 Hr","Valid"
"3374","Shanghai","PM2.5 - Principal","2021-05-24 12:00 PM",2021,5,24,12,30,89,"Moderate",30,"UG/M3","1 Hr","Valid"
"3380","Shanghai","PM2.5 - Principal","2021-05-24 06:00 PM",2021,5,24,18,99.8,174,"Unhealthy",148,"UG/M3","1 Hr","Valid"
"3386","Shanghai","PM2.5 - Principal","2021-05-25 12:00 AM",2021,5,25,0,33.4,96,"Moderate",31,"UG/M3","1 Hr","Valid"
"3392","Shanghai","PM2.5 - Principal","2021-05-25 06:00 AM",2021,5,25,6,54.4,148,"Unhealthy for Sensitive Groups",59,"UG/M3","1 Hr","Valid"
"3398","Shanghai","PM2.5 - Principal","2021-05-25 12:00 PM",2021,5,25,12,84.8,166,"Unhealthy",86,"UG/M3","1 Hr","Valid"
"3404","Shanghai","PM2.5 - Principal","2021-05-25 06:00 PM",2021,5,25,18,56.7,152,"Unhealthy",38,"UG/M3","1 Hr","Valid"
"3410","Shanghai","PM2.5 - Principal","2021-05-26 12:00 AM",2021,5,26,0,61.7,154,"Unhealthy",60,"UG/M3","1 Hr","Valid"
"3416","Shanghai","PM2.5 - Principal","2021-05-26 06:00 AM",2021,5,26,6,32.9,95,"Moderate",31,"UG/M3","1 Hr","Valid"
"3422","Shanghai","PM2.5 - Principal","2021-05-26 12:00 PM",2021,5,26,12,16.2,60,"Moderate",10,"UG/M3","1 Hr","Valid"
"3428","Shanghai","PM2.5 - Principal","2021-05-26 06:00 PM",2021,5,26,18,13.5,54,"Moderate",14,"UG/M3","1 Hr","Valid"
"3434","Shanghai","PM2.5 - Principal","2021-05-27 12:00 AM",2021,5,27,0,27,82,"Moderate",30,"UG/M3","1 Hr","Valid"
"3440","Shanghai","PM2.5 - Principal","2021-05-27 06:00 AM",2021,5,27,6,27.2,83,"Moderate",27,"UG/M3","1 Hr","Valid"
"3446","Shanghai","PM2.5 - Principal","2021-05-27 12:00 PM",2021,5,27,12,45.9,127,"Unhealthy for Sensitive Groups",50,"UG/M3","1 Hr","Valid"
"3452","Shanghai","PM2.5 - Principal","2021-05-27 06:00 PM",2021,5,27,18,31.2,91,"Moderate",22,"UG/M3","1 Hr","Valid"
"3458","Shanghai","PM2.5 - Principal","2021-05-28 12:00 AM",2021,5,28,0,37.7,106,"Unhealthy for Sensitive Groups",38,"UG/M3","1 Hr","Valid"
"3464","Shanghai","PM2.5 - Principal","2021-05-28 06:00 AM",2021,5,28,6,32.3,93,"Moderate",36,"UG/M3","1 Hr","Valid"
"3473","Shanghai","PM2.5 - Principal","2021-05-28 06:00 PM",2021,5,28,18,34,97,"Moderate",27,"UG/M3","1 Hr","Valid"
"3479","Shanghai","PM2.5 - Principal","2021-05-29 12:00 AM",2021,5,29,0,21.5,71,"Moderate",20,"UG/M3","1 Hr","Valid"
"3485","Shanghai","PM2.5 - Principal","2021-05-29 06:00 AM",2021,5,29,6,17,61,"Moderate",20,"UG/M3","1 Hr","Valid"
"3491","Shanghai","PM2.5 - Principal","2021-05-29 12:00 PM",2021,5,29,12,24.2,76,"Moderate",26,"UG/M3","1 Hr","Valid"
"3497","Shanghai","PM2.5 - Principal","2021-05-29 06:00 PM",2021,5,29,18,26.8,82,"Moderate",25,"UG/M3","1 Hr","Valid"
"3503","Shanghai","PM2.5 - Principal","2021-05-30 12:00 AM",2021,5,30,0,31.4,92,"Moderate",34,"UG/M3","1 Hr","Valid"
"3509","Shanghai","PM2.5 - Principal","2021-05-30 06:00 AM",2021,5,30,6,43.1,120,"Unhealthy for Sensitive Groups",40,"UG/M3","1 Hr","Valid"
"3515","Shanghai","PM2.5 - Principal","2021-05-30 12:00 PM",2021,5,30,12,34.4,98,"Moderate",26,"UG/M3","1 Hr","Valid"
"3521","Shanghai","PM2.5 - Principal","2021-05-30 06:00 PM",2021,5,30,18,19.1,66,"Moderate",18,"UG/M3","1 Hr","Valid"
"3527","Shanghai","PM2.5 - Principal","2021-05-31 12:00 AM",2021,5,31,0,23.5,75,"Moderate",23,"UG/M3","1 Hr","Valid"
"3533","Shanghai","PM2.5 - Principal","2021-05-31 06:00 AM",2021,5,31,6,22.1,72,"Moderate",23,"UG/M3","1 Hr","Valid"
"3539","Shanghai","PM2.5 - Principal","2021-05-31 12:00 PM",2021,5,31,12,18.5,64,"Moderate",19,"UG/M3","1 Hr","Valid"
"3545","Shanghai","PM2.5 - Principal","2021-05-31 06:00 PM",2021,5,31,18,13.9,55,"Moderate",12,"UG/M3","1 Hr","Valid"
"3551","Shanghai","PM2.5 - Principal","2021-06-01 12:00 AM",2021,6,1,0,13.2,53,"Moderate",15,"UG/M3","1 Hr","Valid"
