"","Site","Parameter","Date..LT.","Year","Month","Day","Hour","NowCast.Conc.","AQI","AQI.Category","Raw.Conc.","Conc..Unit","Duration","QC.Name"
"6","Shenyang","PM2.5 - Principal","2021-01-01 06:00 AM",2021,1,1,6,4.7,20,"Good",3,"UG/M3","1 Hr","Valid"
"12","Shenyang","PM2.5 - Principal","2021-01-01 12:00 PM",2021,1,1,12,15.1,57,"Moderate",17,"UG/M3","1 Hr","Valid"
"18","Shenyang","PM2.5 - Principal","2021-01-01 06:00 PM",2021,1,1,18,17,61,"Moderate",21,"UG/M3","1 Hr","Valid"
"24","Shenyang","PM2.5 - Principal","2021-01-02 12:00 AM",2021,1,2,0,21.9,72,"Moderate",23,"UG/M3","1 Hr","Valid"
"30","Shenyang","PM2.5 - Principal","2021-01-02 06:00 AM",2021,1,2,6,73.2,160,"Unhealthy",87,"UG/M3","1 Hr","Valid"
"36","Shenyang","PM2.5 - Principal","2021-01-02 12:00 PM",2021,1,2,12,72.7,160,"Unhealthy",68,"UG/M3","1 Hr","Valid"
"42","Shenyang","PM2.5 - Principal","2021-01-02 06:00 PM",2021,1,2,18,30.6,90,"Moderate",35,"UG/M3","1 Hr","Valid"
"48","Shenyang","PM2.5 - Principal","2021-01-03 12:00 AM",2021,1,3,0,23.4,75,"Moderate",30,"UG/M3","1 Hr","Valid"
"54","Shenyang","PM2.5 - Principal","2021-01-03 06:00 AM",2021,1,3,6,84.8,166,"Unhealthy",89,"UG/M3","1 Hr","Valid"
"60","Shenyang","PM2.5 - Principal","2021-01-03 12:00 PM",2021,1,3,12,54.1,147,"Unhealthy for Sensitive Groups",34,"UG/M3","1 Hr","Valid"
"66","Shenyang","PM2.5 - Principal","2021-01-03 06:00 PM",2021,1,3,18,27.5,83,"Moderate",27,"UG/M3","1 Hr","Valid"
"72","Shenyang","PM2.5 - Principal","2021-01-04 12:00 AM",2021,1,4,0,33.2,95,"Moderate",44,"UG/M3","1 Hr","Valid"
"78","Shenyang","PM2.5 - Principal","2021-01-04 06:00 AM",2021,1,4,6,97,172,"Unhealthy",100,"UG/M3","1 Hr","Valid"
"84","Shenyang","PM2.5 - Principal","2021-01-04 12:00 PM",2021,1,4,12,132.9,191,"Unhealthy",139,"UG/M3","1 Hr","Valid"
"90","Shenyang","PM2.5 - Principal","2021-01-04 06:00 PM",2021,1,4,18,16.8,61,"Moderate",14,"UG/M3","1 Hr","Valid"
"96","Shenyang","PM2.5 - Principal","2021-01-05 12:00 AM",2021,1,5,0,10.8,45,"Good",8,"UG/M3","1 Hr","Valid"
"102","Shenyang","PM2.5 - Principal","2021-01-05 06:00 AM",2021,1,5,6,13.3,54,"Moderate",8,"UG/M3","1 Hr","Valid"
"108","Shenyang","PM2.5 - Principal","2021-01-05 12:00 PM",2021,1,5,12,17.9,63,"Moderate",20,"UG/M3","1 Hr","Valid"
"114","Shenyang","PM2.5 - Principal","2021-01-05 06:00 PM",2021,1,5,18,14.9,57,"Moderate",14,"UG/M3","1 Hr","Valid"
"120","Shenyang","PM2.5 - Principal","2021-01-06 12:00 AM",2021,1,6,0,35,99,"Moderate",36,"UG/M3","1 Hr","Valid"
"126","Shenyang","PM2.5 - Principal","2021-01-06 06:00 AM",2021,1,6,6,58.9,153,"Unhealthy",61,"UG/M3","1 Hr","Valid"
"132","Shenyang","PM2.5 - Principal","2021-01-06 12:00 PM",2021,1,6,12,27.5,83,"Moderate",18,"UG/M3","1 Hr","Valid"
"138","Shenyang","PM2.5 - Principal","2021-01-06 06:00 PM",2021,1,6,18,15.4,58,"Moderate",17,"UG/M3","1 Hr","Valid"
"144","Shenyang","PM2.5 - Principal","2021-01-07 12:00 AM",2021,1,7,0,8,33,"Good",6,"UG/M3","1 Hr","Valid"
"150","Shenyang","PM2.5 - Principal","2021-01-07 06:00 AM",2021,1,7,6,6.3,26,"Good",5,"UG/M3","1 Hr","Valid"
"156","Shenyang","PM2.5 - Principal","2021-01-07 12:00 PM",2021,1,7,12,13.4,54,"Moderate",11,"UG/M3","1 Hr","Valid"
"162","Shenyang","PM2.5 - Principal","2021-01-07 06:00 PM",2021,1,7,18,13.6,54,"Moderate",17,"UG/M3","1 Hr","Valid"
"168","Shenyang","PM2.5 - Principal","2021-01-08 12:00 AM",2021,1,8,0,45.9,127,"Unhealthy for Sensitive Groups",54,"UG/M3","1 Hr","Valid"
"174","Shenyang","PM2.5 - Principal","2021-01-08 06:00 AM",2021,1,8,6,17.8,63,"Moderate",20,"UG/M3","1 Hr","Valid"
"180","Shenyang","PM2.5 - Principal","2021-01-08 12:00 PM",2021,1,8,12,18.2,64,"Moderate",13,"UG/M3","1 Hr","Valid"
"186","Shenyang","PM2.5 - Principal","2021-01-08 06:00 PM",2021,1,8,18,12.1,51,"Moderate",13,"UG/M3","1 Hr","Valid"
"192","Shenyang","PM2.5 - Principal","2021-01-09 12:00 AM",2021,1,9,0,47.8,131,"Unhealthy for Sensitive Groups",60,"UG/M3","1 Hr","Valid"
"198","Shenyang","PM2.5 - Principal","2021-01-09 06:00 AM",2021,1,9,6,54.8,149,"Unhealthy for Sensitive Groups",49,"UG/M3","1 Hr","Valid"
"204","Shenyang","PM2.5 - Principal","2021-01-09 12:00 PM",2021,1,9,12,30.1,89,"Moderate",23,"UG/M3","1 Hr","Valid"
"210","Shenyang","PM2.5 - Principal","2021-01-09 06:00 PM",2021,1,9,18,19.6,67,"Moderate",21,"UG/M3","1 Hr","Valid"
"216","Shenyang","PM2.5 - Principal","2021-01-10 12:00 AM",2021,1,10,0,73,160,"Unhealthy",84,"UG/M3","1 Hr","Valid"
"222","Shenyang","PM2.5 - Principal","2021-01-10 06:00 AM",2021,1,10,6,78.1,163,"Unhealthy",74,"UG/M3","1 Hr","Valid"
"228","Shenyang","PM2.5 - Principal","2021-01-10 12:00 PM",2021,1,10,12,26.1,80,"Moderate",18,"UG/M3","1 Hr","Valid"
"234","Shenyang","PM2.5 - Principal","2021-01-10 06:00 PM",2021,1,10,18,13.2,53,"Moderate",17,"UG/M3","1 Hr","Valid"
"240","Shenyang","PM2.5 - Principal","2021-01-11 12:00 AM",2021,1,11,0,45.2,125,"Unhealthy for Sensitive Groups",46,"UG/M3","1 Hr","Valid"
"246","Shenyang","PM2.5 - Principal","2021-01-11 06:00 AM",2021,1,11,6,74.7,161,"Unhealthy",97,"UG/M3","1 Hr","Valid"
"252","Shenyang","PM2.5 - Principal","2021-01-11 12:00 PM",2021,1,11,12,94.1,171,"Unhealthy",85,"UG/M3","1 Hr","Valid"
"258","Shenyang","PM2.5 - Principal","2021-01-11 06:00 PM",2021,1,11,18,36.8,104,"Unhealthy for Sensitive Groups",34,"UG/M3","1 Hr","Valid"
"264","Shenyang","PM2.5 - Principal","2021-01-12 12:00 AM",2021,1,12,0,58.8,153,"Unhealthy",57,"UG/M3","1 Hr","Valid"
"270","Shenyang","PM2.5 - Principal","2021-01-12 06:00 AM",2021,1,12,6,43.9,122,"Unhealthy for Sensitive Groups",46,"UG/M3","1 Hr","Valid"
"276","Shenyang","PM2.5 - Principal","2021-01-12 12:00 PM",2021,1,12,12,39.1,110,"Unhealthy for Sensitive Groups",34,"UG/M3","1 Hr","Valid"
"282","Shenyang","PM2.5 - Principal","2021-01-12 06:00 PM",2021,1,12,18,49.4,135,"Unhealthy for Sensitive Groups",56,"UG/M3","1 Hr","Valid"
"288","Shenyang","PM2.5 - Principal","2021-01-13 12:00 AM",2021,1,13,0,68.2,158,"Unhealthy",68,"UG/M3","1 Hr","Valid"
"294","Shenyang","PM2.5 - Principal","2021-01-13 06:00 AM",2021,1,13,6,62.7,155,"Unhealthy",50,"UG/M3","1 Hr","Valid"
"300","Shenyang","PM2.5 - Principal","2021-01-13 12:00 PM",2021,1,13,12,25.7,80,"Moderate",24,"UG/M3","1 Hr","Valid"
"306","Shenyang","PM2.5 - Principal","2021-01-13 06:00 PM",2021,1,13,18,20.7,69,"Moderate",20,"UG/M3","1 Hr","Valid"
"312","Shenyang","PM2.5 - Principal","2021-01-14 12:00 AM",2021,1,14,0,50.9,139,"Unhealthy for Sensitive Groups",57,"UG/M3","1 Hr","Valid"
"318","Shenyang","PM2.5 - Principal","2021-01-14 06:00 AM",2021,1,14,6,71.4,159,"Unhealthy",77,"UG/M3","1 Hr","Valid"
"324","Shenyang","PM2.5 - Principal","2021-01-14 12:00 PM",2021,1,14,12,86.2,167,"Unhealthy",75,"UG/M3","1 Hr","Valid"
"330","Shenyang","PM2.5 - Principal","2021-01-14 06:00 PM",2021,1,14,18,64,155,"Unhealthy",65,"UG/M3","1 Hr","Valid"
"336","Shenyang","PM2.5 - Principal","2021-01-15 12:00 AM",2021,1,15,0,59.3,153,"Unhealthy",53,"UG/M3","1 Hr","Valid"
"342","Shenyang","PM2.5 - Principal","2021-01-15 06:00 AM",2021,1,15,6,49.8,136,"Unhealthy for Sensitive Groups",49,"UG/M3","1 Hr","Valid"
"348","Shenyang","PM2.5 - Principal","2021-01-15 12:00 PM",2021,1,15,12,44.2,122,"Unhealthy for Sensitive Groups",38,"UG/M3","1 Hr","Valid"
"354","Shenyang","PM2.5 - Principal","2021-01-15 06:00 PM",2021,1,15,18,33.6,96,"Moderate",37,"UG/M3","1 Hr","Valid"
"360","Shenyang","PM2.5 - Principal","2021-01-16 12:00 AM",2021,1,16,0,33.8,97,"Moderate",41,"UG/M3","1 Hr","Valid"
"366","Shenyang","PM2.5 - Principal","2021-01-16 06:00 AM",2021,1,16,6,58.7,153,"Unhealthy",80,"UG/M3","1 Hr","Valid"
"372","Shenyang","PM2.5 - Principal","2021-01-16 12:00 PM",2021,1,16,12,58,152,"Unhealthy",54,"UG/M3","1 Hr","Valid"
"378","Shenyang","PM2.5 - Principal","2021-01-16 06:00 PM",2021,1,16,18,27.1,83,"Moderate",31,"UG/M3","1 Hr","Valid"
"384","Shenyang","PM2.5 - Principal","2021-01-17 12:00 AM",2021,1,17,0,48.8,134,"Unhealthy for Sensitive Groups",54,"UG/M3","1 Hr","Valid"
"390","Shenyang","PM2.5 - Principal","2021-01-17 06:00 AM",2021,1,17,6,68.9,158,"Unhealthy",68,"UG/M3","1 Hr","Valid"
"396","Shenyang","PM2.5 - Principal","2021-01-17 12:00 PM",2021,1,17,12,78.2,163,"Unhealthy",78,"UG/M3","1 Hr","Valid"
"402","Shenyang","PM2.5 - Principal","2021-01-17 06:00 PM",2021,1,17,18,28.9,86,"Moderate",27,"UG/M3","1 Hr","Valid"
"408","Shenyang","PM2.5 - Principal","2021-01-18 12:00 AM",2021,1,18,0,39.1,110,"Unhealthy for Sensitive Groups",48,"UG/M3","1 Hr","Valid"
"414","Shenyang","PM2.5 - Principal","2021-01-18 06:00 AM",2021,1,18,6,13.8,55,"Moderate",8,"UG/M3","1 Hr","Valid"
"420","Shenyang","PM2.5 - Principal","2021-01-18 12:00 PM",2021,1,18,12,15.8,59,"Moderate",16,"UG/M3","1 Hr","Valid"
"426","Shenyang","PM2.5 - Principal","2021-01-18 06:00 PM",2021,1,18,18,11,46,"Good",12,"UG/M3","1 Hr","Valid"
"432","Shenyang","PM2.5 - Principal","2021-01-19 12:00 AM",2021,1,19,0,25.1,78,"Moderate",32,"UG/M3","1 Hr","Valid"
"438","Shenyang","PM2.5 - Principal","2021-01-19 06:00 AM",2021,1,19,6,91.1,169,"Unhealthy",113,"UG/M3","1 Hr","Valid"
"444","Shenyang","PM2.5 - Principal","2021-01-19 12:00 PM",2021,1,19,12,87.3,167,"Unhealthy",69,"UG/M3","1 Hr","Valid"
"450","Shenyang","PM2.5 - Principal","2021-01-19 06:00 PM",2021,1,19,18,27.5,83,"Moderate",30,"UG/M3","1 Hr","Valid"
"456","Shenyang","PM2.5 - Principal","2021-01-20 12:00 AM",2021,1,20,0,25.4,79,"Moderate",25,"UG/M3","1 Hr","Valid"
"462","Shenyang","PM2.5 - Principal","2021-01-20 06:00 AM",2021,1,20,6,25.4,79,"Moderate",28,"UG/M3","1 Hr","Valid"
"468","Shenyang","PM2.5 - Principal","2021-01-20 12:00 PM",2021,1,20,12,25.4,79,"Moderate",29,"UG/M3","1 Hr","Valid"
"474","Shenyang","PM2.5 - Principal","2021-01-20 06:00 PM",2021,1,20,18,23.5,75,"Moderate",24,"UG/M3","1 Hr","Valid"
"480","Shenyang","PM2.5 - Principal","2021-01-21 12:00 AM",2021,1,21,0,34.6,98,"Moderate",37,"UG/M3","1 Hr","Valid"
"486","Shenyang","PM2.5 - Principal","2021-01-21 06:00 AM",2021,1,21,6,37.7,106,"Unhealthy for Sensitive Groups",39,"UG/M3","1 Hr","Valid"
"492","Shenyang","PM2.5 - Principal","2021-01-21 12:00 PM",2021,1,21,12,51.5,140,"Unhealthy for Sensitive Groups",55,"UG/M3","1 Hr","Valid"
"498","Shenyang","PM2.5 - Principal","2021-01-21 06:00 PM",2021,1,21,18,66.6,157,"Unhealthy",78,"UG/M3","1 Hr","Valid"
"504","Shenyang","PM2.5 - Principal","2021-01-22 12:00 AM",2021,1,22,0,134.6,192,"Unhealthy",140,"UG/M3","1 Hr","Valid"
"510","Shenyang","PM2.5 - Principal","2021-01-22 06:00 AM",2021,1,22,6,62.1,154,"Unhealthy",59,"UG/M3","1 Hr","Valid"
"516","Shenyang","PM2.5 - Principal","2021-01-22 12:00 PM",2021,1,22,12,118.3,183,"Unhealthy",130,"UG/M3","1 Hr","Valid"
"522","Shenyang","PM2.5 - Principal","2021-01-22 06:00 PM",2021,1,22,18,122.3,185,"Unhealthy",131,"UG/M3","1 Hr","Valid"
"528","Shenyang","PM2.5 - Principal","2021-01-23 12:00 AM",2021,1,23,0,101.7,175,"Unhealthy",102,"UG/M3","1 Hr","Valid"
"534","Shenyang","PM2.5 - Principal","2021-01-23 06:00 AM",2021,1,23,6,151.8,202,"Very Unhealthy",168,"UG/M3","1 Hr","Valid"
"540","Shenyang","PM2.5 - Principal","2021-01-23 12:00 PM",2021,1,23,12,205.4,255,"Very Unhealthy",211,"UG/M3","1 Hr","Valid"
"546","Shenyang","PM2.5 - Principal","2021-01-23 06:00 PM",2021,1,23,18,152.9,203,"Very Unhealthy",141,"UG/M3","1 Hr","Valid"
"552","Shenyang","PM2.5 - Principal","2021-01-24 12:00 AM",2021,1,24,0,235.2,285,"Very Unhealthy",248,"UG/M3","1 Hr","Valid"
"558","Shenyang","PM2.5 - Principal","2021-01-24 06:00 AM",2021,1,24,6,215.5,265,"Very Unhealthy",206,"UG/M3","1 Hr","Valid"
"564","Shenyang","PM2.5 - Principal","2021-01-24 12:00 PM",2021,1,24,12,217.8,268,"Very Unhealthy",205,"UG/M3","1 Hr","Valid"
"570","Shenyang","PM2.5 - Principal","2021-01-24 06:00 PM",2021,1,24,18,127.7,188,"Unhealthy",131,"UG/M3","1 Hr","Valid"
"576","Shenyang","PM2.5 - Principal","2021-01-25 12:00 AM",2021,1,25,0,128.7,189,"Unhealthy",159,"UG/M3","1 Hr","Valid"
"582","Shenyang","PM2.5 - Principal","2021-01-25 06:00 AM",2021,1,25,6,145.2,197,"Unhealthy",144,"UG/M3","1 Hr","Valid"
"588","Shenyang","PM2.5 - Principal","2021-01-25 12:00 PM",2021,1,25,12,173.2,223,"Very Unhealthy",193,"UG/M3","1 Hr","Valid"
"594","Shenyang","PM2.5 - Principal","2021-01-25 06:00 PM",2021,1,25,18,294.5,345,"Hazardous",335,"UG/M3","1 Hr","Valid"
"600","Shenyang","PM2.5 - Principal","2021-01-26 12:00 AM",2021,1,26,0,274.5,325,"Hazardous",263,"UG/M3","1 Hr","Valid"
"606","Shenyang","PM2.5 - Principal","2021-01-26 06:00 AM",2021,1,26,6,235.7,285,"Very Unhealthy",211,"UG/M3","1 Hr","Valid"
"612","Shenyang","PM2.5 - Principal","2021-01-26 12:00 PM",2021,1,26,12,261.5,312,"Hazardous",252,"UG/M3","1 Hr","Valid"
"618","Shenyang","PM2.5 - Principal","2021-01-26 06:00 PM",2021,1,26,18,245.8,295,"Very Unhealthy",239,"UG/M3","1 Hr","Valid"
"624","Shenyang","PM2.5 - Principal","2021-01-27 12:00 AM",2021,1,27,0,135.4,192,"Unhealthy",96,"UG/M3","1 Hr","Valid"
"630","Shenyang","PM2.5 - Principal","2021-01-27 06:00 AM",2021,1,27,6,158.7,209,"Very Unhealthy",154,"UG/M3","1 Hr","Valid"
"636","Shenyang","PM2.5 - Principal","2021-01-27 12:00 PM",2021,1,27,12,113,181,"Unhealthy",80,"UG/M3","1 Hr","Valid"
"642","Shenyang","PM2.5 - Principal","2021-01-27 06:00 PM",2021,1,27,18,40.7,114,"Unhealthy for Sensitive Groups",46,"UG/M3","1 Hr","Valid"
"648","Shenyang","PM2.5 - Principal","2021-01-28 12:00 AM",2021,1,28,0,47.4,130,"Unhealthy for Sensitive Groups",52,"UG/M3","1 Hr","Valid"
"654","Shenyang","PM2.5 - Principal","2021-01-28 06:00 AM",2021,1,28,6,24.3,77,"Moderate",19,"UG/M3","1 Hr","Valid"
"660","Shenyang","PM2.5 - Principal","2021-01-28 12:00 PM",2021,1,28,12,16.2,60,"Moderate",14,"UG/M3","1 Hr","Valid"
"666","Shenyang","PM2.5 - Principal","2021-01-28 06:00 PM",2021,1,28,18,13.2,53,"Moderate",13,"UG/M3","1 Hr","Valid"
"672","Shenyang","PM2.5 - Principal","2021-01-29 12:00 AM",2021,1,29,0,15.9,59,"Moderate",17,"UG/M3","1 Hr","Valid"
"678","Shenyang","PM2.5 - Principal","2021-01-29 06:00 AM",2021,1,29,6,52.7,143,"Unhealthy for Sensitive Groups",66,"UG/M3","1 Hr","Valid"
"684","Shenyang","PM2.5 - Principal","2021-01-29 12:00 PM",2021,1,29,12,57.3,152,"Unhealthy",49,"UG/M3","1 Hr","Valid"
"690","Shenyang","PM2.5 - Principal","2021-01-29 06:00 PM",2021,1,29,18,44.3,123,"Unhealthy for Sensitive Groups",49,"UG/M3","1 Hr","Valid"
"696","Shenyang","PM2.5 - Principal","2021-01-30 12:00 AM",2021,1,30,0,23.1,74,"Moderate",21,"UG/M3","1 Hr","Valid"
"702","Shenyang","PM2.5 - Principal","2021-01-30 06:00 AM",2021,1,30,6,34.2,97,"Moderate",39,"UG/M3","1 Hr","Valid"
"708","Shenyang","PM2.5 - Principal","2021-01-30 12:00 PM",2021,1,30,12,17.8,63,"Moderate",16,"UG/M3","1 Hr","Valid"
"714","Shenyang","PM2.5 - Principal","2021-01-30 06:00 PM",2021,1,30,18,32.9,95,"Moderate",41,"UG/M3","1 Hr","Valid"
"720","Shenyang","PM2.5 - Principal","2021-01-31 12:00 AM",2021,1,31,0,75.6,161,"Unhealthy",84,"UG/M3","1 Hr","Valid"
"726","Shenyang","PM2.5 - Principal","2021-01-31 06:00 AM",2021,1,31,6,72.9,160,"Unhealthy",69,"UG/M3","1 Hr","Valid"
"732","Shenyang","PM2.5 - Principal","2021-01-31 12:00 PM",2021,1,31,12,113.6,181,"Unhealthy",117,"UG/M3","1 Hr","Valid"
"738","Shenyang","PM2.5 - Principal","2021-01-31 06:00 PM",2021,1,31,18,39.2,110,"Unhealthy for Sensitive Groups",36,"UG/M3","1 Hr","Valid"
"744","Shenyang","PM2.5 - Principal","2021-02-01 12:00 AM",2021,2,1,0,49.3,135,"Unhealthy for Sensitive Groups",59,"UG/M3","1 Hr","Valid"
"750","Shenyang","PM2.5 - Principal","2021-02-01 06:00 AM",2021,2,1,6,109.7,179,"Unhealthy",107,"UG/M3","1 Hr","Valid"
"756","Shenyang","PM2.5 - Principal","2021-02-01 12:00 PM",2021,2,1,12,69.8,158,"Unhealthy",56,"UG/M3","1 Hr","Valid"
"762","Shenyang","PM2.5 - Principal","2021-02-01 06:00 PM",2021,2,1,18,28.9,86,"Moderate",21,"UG/M3","1 Hr","Valid"
"768","Shenyang","PM2.5 - Principal","2021-02-02 12:00 AM",2021,2,2,0,17.5,62,"Moderate",16,"UG/M3","1 Hr","Valid"
"774","Shenyang","PM2.5 - Principal","2021-02-02 06:00 AM",2021,2,2,6,16.1,59,"Moderate",15,"UG/M3","1 Hr","Valid"
"780","Shenyang","PM2.5 - Principal","2021-02-02 12:00 PM",2021,2,2,12,27.9,84,"Moderate",29,"UG/M3","1 Hr","Valid"
"785","Shenyang","PM2.5 - Principal","2021-02-02 06:00 PM",2021,2,2,18,51.7,141,"Unhealthy for Sensitive Groups",54,"UG/M3","1 Hr","Valid"
"790","Shenyang","PM2.5 - Principal","2021-02-03 12:00 AM",2021,2,3,0,35.3,100,"Moderate",35,"UG/M3","1 Hr","Valid"
"796","Shenyang","PM2.5 - Principal","2021-02-03 06:00 AM",2021,2,3,6,92.8,170,"Unhealthy",101,"UG/M3","1 Hr","Valid"
"802","Shenyang","PM2.5 - Principal","2021-02-03 12:00 PM",2021,2,3,12,151.9,202,"Very Unhealthy",149,"UG/M3","1 Hr","Valid"
"808","Shenyang","PM2.5 - Principal","2021-02-03 06:00 PM",2021,2,3,18,33.9,97,"Moderate",25,"UG/M3","1 Hr","Valid"
"814","Shenyang","PM2.5 - Principal","2021-02-04 12:00 AM",2021,2,4,0,34.6,98,"Moderate",36,"UG/M3","1 Hr","Valid"
"820","Shenyang","PM2.5 - Principal","2021-02-04 06:00 AM",2021,2,4,6,75.5,161,"Unhealthy",106,"UG/M3","1 Hr","Valid"
"826","Shenyang","PM2.5 - Principal","2021-02-04 12:00 PM",2021,2,4,12,75.7,161,"Unhealthy",47,"UG/M3","1 Hr","Valid"
"832","Shenyang","PM2.5 - Principal","2021-02-04 06:00 PM",2021,2,4,18,45.3,125,"Unhealthy for Sensitive Groups",49,"UG/M3","1 Hr","Valid"
"838","Shenyang","PM2.5 - Principal","2021-02-05 12:00 AM",2021,2,5,0,41.2,115,"Unhealthy for Sensitive Groups",39,"UG/M3","1 Hr","Valid"
"844","Shenyang","PM2.5 - Principal","2021-02-05 06:00 AM",2021,2,5,6,44.2,122,"Unhealthy for Sensitive Groups",44,"UG/M3","1 Hr","Valid"
"850","Shenyang","PM2.5 - Principal","2021-02-05 12:00 PM",2021,2,5,12,79.5,163,"Unhealthy",89,"UG/M3","1 Hr","Valid"
"856","Shenyang","PM2.5 - Principal","2021-02-05 06:00 PM",2021,2,5,18,110.8,180,"Unhealthy",113,"UG/M3","1 Hr","Valid"
"862","Shenyang","PM2.5 - Principal","2021-02-06 12:00 AM",2021,2,6,0,117.4,183,"Unhealthy",107,"UG/M3","1 Hr","Valid"
"868","Shenyang","PM2.5 - Principal","2021-02-06 06:00 AM",2021,2,6,6,121.6,185,"Unhealthy",130,"UG/M3","1 Hr","Valid"
"874","Shenyang","PM2.5 - Principal","2021-02-06 12:00 PM",2021,2,6,12,89,168,"Unhealthy",79,"UG/M3","1 Hr","Valid"
"880","Shenyang","PM2.5 - Principal","2021-02-06 06:00 PM",2021,2,6,18,69,158,"Unhealthy",68,"UG/M3","1 Hr","Valid"
"885","Shenyang","PM2.5 - Principal","2021-02-07 12:00 AM",2021,2,7,0,91.4,170,"Unhealthy",89,"UG/M3","1 Hr","Valid"
"891","Shenyang","PM2.5 - Principal","2021-02-07 06:00 AM",2021,2,7,6,95.4,172,"Unhealthy",78,"UG/M3","1 Hr","Valid"
"897","Shenyang","PM2.5 - Principal","2021-02-07 12:00 PM",2021,2,7,12,26.8,82,"Moderate",27,"UG/M3","1 Hr","Valid"
"903","Shenyang","PM2.5 - Principal","2021-02-07 06:00 PM",2021,2,7,18,19.1,66,"Moderate",18,"UG/M3","1 Hr","Valid"
"909","Shenyang","PM2.5 - Principal","2021-02-08 12:00 AM",2021,2,8,0,28.3,85,"Moderate",31,"UG/M3","1 Hr","Valid"
"915","Shenyang","PM2.5 - Principal","2021-02-08 06:00 AM",2021,2,8,6,36.2,103,"Unhealthy for Sensitive Groups",40,"UG/M3","1 Hr","Valid"
"921","Shenyang","PM2.5 - Principal","2021-02-08 12:00 PM",2021,2,8,12,19.6,67,"Moderate",18,"UG/M3","1 Hr","Valid"
"927","Shenyang","PM2.5 - Principal","2021-02-08 06:00 PM",2021,2,8,18,14.2,55,"Moderate",16,"UG/M3","1 Hr","Valid"
"933","Shenyang","PM2.5 - Principal","2021-02-09 12:00 AM",2021,2,9,0,31,91,"Moderate",33,"UG/M3","1 Hr","Valid"
"939","Shenyang","PM2.5 - Principal","2021-02-09 06:00 AM",2021,2,9,6,47.7,131,"Unhealthy for Sensitive Groups",54,"UG/M3","1 Hr","Valid"
"945","Shenyang","PM2.5 - Principal","2021-02-09 12:00 PM",2021,2,9,12,83.8,166,"Unhealthy",90,"UG/M3","1 Hr","Valid"
"951","Shenyang","PM2.5 - Principal","2021-02-09 06:00 PM",2021,2,9,18,85.4,166,"Unhealthy",86,"UG/M3","1 Hr","Valid"
"957","Shenyang","PM2.5 - Principal","2021-02-10 12:00 AM",2021,2,10,0,73,160,"Unhealthy",58,"UG/M3","1 Hr","Valid"
"963","Shenyang","PM2.5 - Principal","2021-02-10 06:00 AM",2021,2,10,6,61.9,154,"Unhealthy",69,"UG/M3","1 Hr","Valid"
"969","Shenyang","PM2.5 - Principal","2021-02-10 12:00 PM",2021,2,10,12,85.3,166,"Unhealthy",71,"UG/M3","1 Hr","Valid"
"975","Shenyang","PM2.5 - Principal","2021-02-10 06:00 PM",2021,2,10,18,30.2,89,"Moderate",30,"UG/M3","1 Hr","Valid"
"981","Shenyang","PM2.5 - Principal","2021-02-11 12:00 AM",2021,2,11,0,86.3,167,"Unhealthy",80,"UG/M3","1 Hr","Valid"
"987","Shenyang","PM2.5 - Principal","2021-02-11 06:00 AM",2021,2,11,6,79.5,163,"Unhealthy",80,"UG/M3","1 Hr","Valid"
"993","Shenyang","PM2.5 - Principal","2021-02-11 12:00 PM",2021,2,11,12,58.3,152,"Unhealthy",50,"UG/M3","1 Hr","Valid"
"999","Shenyang","PM2.5 - Principal","2021-02-11 06:00 PM",2021,2,11,18,57.7,152,"Unhealthy",57,"UG/M3","1 Hr","Valid"
"1005","Shenyang","PM2.5 - Principal","2021-02-12 12:00 AM",2021,2,12,0,94.3,171,"Unhealthy",111,"UG/M3","1 Hr","Valid"
"1011","Shenyang","PM2.5 - Principal","2021-02-12 06:00 AM",2021,2,12,6,69.1,158,"Unhealthy",64,"UG/M3","1 Hr","Valid"
"1017","Shenyang","PM2.5 - Principal","2021-02-12 12:00 PM",2021,2,12,12,81.2,164,"Unhealthy",80,"UG/M3","1 Hr","Valid"
"1023","Shenyang","PM2.5 - Principal","2021-02-12 06:00 PM",2021,2,12,18,70.4,159,"Unhealthy",63,"UG/M3","1 Hr","Valid"
"1029","Shenyang","PM2.5 - Principal","2021-02-13 12:00 AM",2021,2,13,0,71.9,159,"Unhealthy",72,"UG/M3","1 Hr","Valid"
"1035","Shenyang","PM2.5 - Principal","2021-02-13 06:00 AM",2021,2,13,6,71.8,159,"Unhealthy",74,"UG/M3","1 Hr","Valid"
"1041","Shenyang","PM2.5 - Principal","2021-02-13 12:00 PM",2021,2,13,12,71.8,159,"Unhealthy",64,"UG/M3","1 Hr","Valid"
"1047","Shenyang","PM2.5 - Principal","2021-02-13 06:00 PM",2021,2,13,18,137,193,"Unhealthy",152,"UG/M3","1 Hr","Valid"
"1053","Shenyang","PM2.5 - Principal","2021-02-14 12:00 AM",2021,2,14,0,51.9,141,"Unhealthy for Sensitive Groups",44,"UG/M3","1 Hr","Valid"
"1059","Shenyang","PM2.5 - Principal","2021-02-14 06:00 AM",2021,2,14,6,37.2,105,"Unhealthy for Sensitive Groups",36,"UG/M3","1 Hr","Valid"
"1065","Shenyang","PM2.5 - Principal","2021-02-14 12:00 PM",2021,2,14,12,26.9,82,"Moderate",24,"UG/M3","1 Hr","Valid"
"1071","Shenyang","PM2.5 - Principal","2021-02-14 06:00 PM",2021,2,14,18,34.4,98,"Moderate",31,"UG/M3","1 Hr","Valid"
"1077","Shenyang","PM2.5 - Principal","2021-02-15 12:00 AM",2021,2,15,0,18,63,"Moderate",17,"UG/M3","1 Hr","Valid"
"1083","Shenyang","PM2.5 - Principal","2021-02-15 06:00 AM",2021,2,15,6,17.3,62,"Moderate",20,"UG/M3","1 Hr","Valid"
"1089","Shenyang","PM2.5 - Principal","2021-02-15 12:00 PM",2021,2,15,12,21.2,70,"Moderate",23,"UG/M3","1 Hr","Valid"
"1095","Shenyang","PM2.5 - Principal","2021-02-15 06:00 PM",2021,2,15,18,17.2,62,"Moderate",17,"UG/M3","1 Hr","Valid"
"1101","Shenyang","PM2.5 - Principal","2021-02-16 12:00 AM",2021,2,16,0,23.6,75,"Moderate",24,"UG/M3","1 Hr","Valid"
"1107","Shenyang","PM2.5 - Principal","2021-02-16 06:00 AM",2021,2,16,6,22.8,74,"Moderate",13,"UG/M3","1 Hr","Valid"
"1113","Shenyang","PM2.5 - Principal","2021-02-16 12:00 PM",2021,2,16,12,14.3,56,"Moderate",15,"UG/M3","1 Hr","Valid"
"1119","Shenyang","PM2.5 - Principal","2021-02-16 06:00 PM",2021,2,16,18,13.8,55,"Moderate",15,"UG/M3","1 Hr","Valid"
"1125","Shenyang","PM2.5 - Principal","2021-02-17 12:00 AM",2021,2,17,0,11.6,48,"Good",9,"UG/M3","1 Hr","Valid"
"1131","Shenyang","PM2.5 - Principal","2021-02-17 06:00 AM",2021,2,17,6,10.7,45,"Good",12,"UG/M3","1 Hr","Valid"
"1137","Shenyang","PM2.5 - Principal","2021-02-17 12:00 PM",2021,2,17,12,14.7,56,"Moderate",14,"UG/M3","1 Hr","Valid"
"1143","Shenyang","PM2.5 - Principal","2021-02-17 06:00 PM",2021,2,17,18,16,59,"Moderate",20,"UG/M3","1 Hr","Valid"
"1149","Shenyang","PM2.5 - Principal","2021-02-18 12:00 AM",2021,2,18,0,19.4,66,"Moderate",18,"UG/M3","1 Hr","Valid"
"1155","Shenyang","PM2.5 - Principal","2021-02-18 06:00 AM",2021,2,18,6,18.5,64,"Moderate",23,"UG/M3","1 Hr","Valid"
"1161","Shenyang","PM2.5 - Principal","2021-02-18 12:00 PM",2021,2,18,12,30,89,"Moderate",37,"UG/M3","1 Hr","Valid"
"1167","Shenyang","PM2.5 - Principal","2021-02-18 06:00 PM",2021,2,18,18,29.8,88,"Moderate",33,"UG/M3","1 Hr","Valid"
"1173","Shenyang","PM2.5 - Principal","2021-02-19 12:00 AM",2021,2,19,0,27.6,84,"Moderate",25,"UG/M3","1 Hr","Valid"
"1179","Shenyang","PM2.5 - Principal","2021-02-19 06:00 AM",2021,2,19,6,27.1,83,"Moderate",28,"UG/M3","1 Hr","Valid"
"1185","Shenyang","PM2.5 - Principal","2021-02-19 12:00 PM",2021,2,19,12,53.7,146,"Unhealthy for Sensitive Groups",60,"UG/M3","1 Hr","Valid"
"1191","Shenyang","PM2.5 - Principal","2021-02-19 06:00 PM",2021,2,19,18,67,157,"Unhealthy",64,"UG/M3","1 Hr","Valid"
"1197","Shenyang","PM2.5 - Principal","2021-02-20 12:00 AM",2021,2,20,0,100.1,174,"Unhealthy",60,"UG/M3","1 Hr","Valid"
"1203","Shenyang","PM2.5 - Principal","2021-02-20 06:00 AM",2021,2,20,6,18.1,64,"Moderate",20,"UG/M3","1 Hr","Valid"
"1208","Shenyang","PM2.5 - Principal","2021-02-20 12:00 PM",2021,2,20,12,17.2,62,"Moderate",16,"UG/M3","1 Hr","Valid"
"1214","Shenyang","PM2.5 - Principal","2021-02-20 06:00 PM",2021,2,20,18,76,162,"Unhealthy",86,"UG/M3","1 Hr","Valid"
"1220","Shenyang","PM2.5 - Principal","2021-02-21 12:00 AM",2021,2,21,0,82.7,165,"Unhealthy",78,"UG/M3","1 Hr","Valid"
"1226","Shenyang","PM2.5 - Principal","2021-02-21 06:00 AM",2021,2,21,6,58.5,153,"Unhealthy",55,"UG/M3","1 Hr","Valid"
"1232","Shenyang","PM2.5 - Principal","2021-02-21 12:00 PM",2021,2,21,12,75.3,161,"Unhealthy",89,"UG/M3","1 Hr","Valid"
"1238","Shenyang","PM2.5 - Principal","2021-02-21 06:00 PM",2021,2,21,18,98,173,"Unhealthy",96,"UG/M3","1 Hr","Valid"
"1244","Shenyang","PM2.5 - Principal","2021-02-22 12:00 AM",2021,2,22,0,50.8,139,"Unhealthy for Sensitive Groups",48,"UG/M3","1 Hr","Valid"
"1250","Shenyang","PM2.5 - Principal","2021-02-22 06:00 AM",2021,2,22,6,9.7,40,"Good",4,"UG/M3","1 Hr","Valid"
"1256","Shenyang","PM2.5 - Principal","2021-02-22 12:00 PM",2021,2,22,12,16.3,60,"Moderate",20,"UG/M3","1 Hr","Valid"
"1262","Shenyang","PM2.5 - Principal","2021-02-22 06:00 PM",2021,2,22,18,21.3,70,"Moderate",23,"UG/M3","1 Hr","Valid"
"1268","Shenyang","PM2.5 - Principal","2021-02-23 12:00 AM",2021,2,23,0,26.3,81,"Moderate",24,"UG/M3","1 Hr","Valid"
"1274","Shenyang","PM2.5 - Principal","2021-02-23 06:00 AM",2021,2,23,6,20.9,70,"Moderate",22,"UG/M3","1 Hr","Valid"
"1280","Shenyang","PM2.5 - Principal","2021-02-23 12:00 PM",2021,2,23,12,17.5,62,"Moderate",19,"UG/M3","1 Hr","Valid"
"1286","Shenyang","PM2.5 - Principal","2021-02-23 06:00 PM",2021,2,23,18,26.4,81,"Moderate",28,"UG/M3","1 Hr","Valid"
"1292","Shenyang","PM2.5 - Principal","2021-02-24 12:00 AM",2021,2,24,0,35.1,99,"Moderate",39,"UG/M3","1 Hr","Valid"
"1298","Shenyang","PM2.5 - Principal","2021-02-24 06:00 AM",2021,2,24,6,52.2,142,"Unhealthy for Sensitive Groups",57,"UG/M3","1 Hr","Valid"
